Station ID,Longitude,Latitude,Day 1,Day 2,Day 3,Day 4,Day 5,Day 6,Day 7,Day 8,Day 9,Day 10,Day 11,Day 12,Day 13,Day 14,Day 15,Day 16,Day 17,Day 18,Day 19,Day 20,Day 21,Day 22,Day 23,Day 24,Day 25,Day 26,Day 27,Day 28,Day 29,Day 30,Day 31,Day 32,Day 33,Day 34,Day 35,Day 36,Day 37,Day 38,Day 39,Day 40,Day 41,Day 42,Day 43,Day 44,Day 45,Day 46,Day 47,Day 48,Day 49,Day 50,Day 51,Day 52,Day 53,Day 54,Day 55,Day 56,Day 57,Day 58,Day 59,Day 60,Day 61,Day 62,Day 63,Day 64,Day 65,Day 66,Day 67,Day 68,Day 69,Day 70,Day 71,Day 72,Day 73,Day 74,Day 75,Day 76,Day 77,Day 78,Day 79,Day 80,Day 81,Day 82,Day 83,Day 84,Day 85,Day 86,Day 87,Day 88,Day 89,Day 90,Day 91,Day 92,Day 93,Day 94,Day 95,Day 96,Day 97,Day 98,Day 99,Day 100,Day 101,Day 102,Day 103,Day 104,Day 105,Day 106,Day 107,Day 108,Day 109,Day 110,Day 111,Day 112,Day 113,Day 114,Day 115,Day 116,Day 117,Day 118,Day 119,Day 120,Day 121,Day 122,Day 123,Day 124,Day 125,Day 126,Day 127,Day 128,Day 129,Day 130,Day 131,Day 132,Day 133,Day 134,Day 135,Day 136,Day 137,Day 138,Day 139,Day 140,Day 141,Day 142,Day 143,Day 144,Day 145,Day 146,Day 147,Day 148,Day 149,Day 150,Day 151,Day 152,Day 153,Day 154,Day 155,Day 156,Day 157,Day 158,Day 159,Day 160,Day 161,Day 162,Day 163,Day 164,Day 165,Day 166,Day 167,Day 168,Day 169,Day 170,Day 171,Day 172,Day 173,Day 174,Day 175,Day 176,Day 177,Day 178,Day 179,Day 180,Day 181,Day 182,Day 183,Day 184,Day 185,Day 186,Day 187,Day 188,Day 189,Day 190,Day 191,Day 192,Day 193,Day 194,Day 195,Day 196,Day 197,Day 198,Day 199,Day 200,Day 201,Day 202,Day 203,Day 204,Day 205,Day 206,Day 207,Day 208,Day 209,Day 210,Day 211,Day 212,Day 213,Day 214,Day 215,Day 216,Day 217,Day 218,Day 219,Day 220,Day 221,Day 222,Day 223,Day 224,Day 225,Day 226,Day 227,Day 228,Day 229,Day 230,Day 231,Day 232,Day 233,Day 234,Day 235,Day 236,Day 237,Day 238,Day 239,Day 240,Day 241,Day 242,Day 243,Day 244,Day 245,Day 246,Day 247,Day 248,Day 249,Day 250,Day 251,Day 252,Day 253,Day 254,Day 255,Day 256,Day 257,Day 258,Day 259,Day 260,Day 261,Day 262,Day 263,Day 264,Day 265,Day 266,Day 267,Day 268,Day 269,Day 270,Day 271,Day 272,Day 273,Day 274,Day 275,Day 276,Day 277,Day 278,Day 279,Day 280,Day 281,Day 282,Day 283,Day 284,Day 285,Day 286,Day 287,Day 288,Day 289,Day 290,Day 291,Day 292,Day 293,Day 294,Day 295,Day 296,Day 297,Day 298,Day 299,Day 300,Day 301,Day 302,Day 303,Day 304,Day 305,Day 306,Day 307,Day 308,Day 309,Day 310,Day 311,Day 312,Day 313,Day 314,Day 315,Day 316,Day 317,Day 318,Day 319,Day 320,Day 321,Day 322,Day 323,Day 324,Day 325,Day 326,Day 327,Day 328,Day 329,Day 330,Day 331,Day 332,Day 333,Day 334,Day 335,Day 336,Day 337,Day 338,Day 339,Day 340,Day 341,Day 342,Day 343,Day 344,Day 345,Day 346,Day 347,Day 348,Day 349,Day 350,Day 351,Day 352,Day 353,Day 354,Day 355,Day 356,Day 357,Day 358,Day 359,Day 360,Day 361,Day 362,Day 363,Day 364,Day 365,Day 366,Day 367,Day 368,Day 369,Day 370,Day 371,Day 372,Day 373,Day 374,Day 375,Day 376,Day 377,Day 378,Day 379,Day 380,Day 381,Day 382,Day 383,Day 384,Day 385,Day 386,Day 387,Day 388,Day 389,Day 390,Day 391,Day 392,Day 393,Day 394,Day 395,Day 396,Day 397,Day 398,Day 399,Day 400,Day 401,Day 402,Day 403,Day 404,Day 405,Day 406,Day 407,Day 408,Day 409,Day 410,Day 411,Day 412,Day 413,Day 414,Day 415,Day 416,Day 417,Day 418,Day 419,Day 420,Day 421,Day 422,Day 423,Day 424,Day 425,Day 426,Day 427,Day 428,Day 429,Day 430,Day 431,Day 432,Day 433,Day 434,Day 435,Day 436,Day 437,Day 438,Day 439,Day 440,Day 441,Day 442,Day 443,Day 444,Day 445,Day 446,Day 447,Day 448,Day 449,Day 450,Day 451,Day 452,Day 453,Day 454,Day 455,Day 456,Day 457,Day 458,Day 459,Day 460,Day 461,Day 462,Day 463,Day 464,Day 465,Day 466,Day 467,Day 468,Day 469,Day 470,Day 471,Day 472,Day 473,Day 474,Day 475,Day 476,Day 477,Day 478,Day 479,Day 480,Day 481,Day 482,Day 483,Day 484,Day 485,Day 486,Day 487,Day 488,Day 489,Day 490,Day 491,Day 492,Day 493,Day 494,Day 495,Day 496,Day 497,Day 498,Day 499,Day 500,Day 501,Day 502,Day 503,Day 504,Day 505,Day 506,Day 507,Day 508,Day 509,Day 510,Day 511,Day 512,Day 513,Day 514,Day 515,Day 516,Day 517,Day 518,Day 519,Day 520,Day 521,Day 522,Day 523,Day 524,Day 525,Day 526,Day 527,Day 528,Day 529,Day 530,Day 531,Day 532,Day 533,Day 534,Day 535,Day 536,Day 537,Day 538,Day 539,Day 540,Day 541,Day 542,Day 543,Day 544,Day 545,Day 546,Day 547,Day 548,Day 549,Day 550,Day 551,Day 552,Day 553,Day 554,Day 555,Day 556,Day 557,Day 558,Day 559,Day 560,Day 561,Day 562,Day 563,Day 564,Day 565,Day 566,Day 567,Day 568,Day 569,Day 570,Day 571,Day 572,Day 573,Day 574,Day 575,Day 576,Day 577,Day 578,Day 579,Day 580,Day 581,Day 582,Day 583,Day 584,Day 585,Day 586,Day 587,Day 588,Day 589,Day 590,Day 591,Day 592,Day 593,Day 594,Day 595,Day 596,Day 597,Day 598,Day 599,Day 600,Day 601,Day 602,Day 603,Day 604,Day 605,Day 606,Day 607,Day 608,Day 609,Day 610,Day 611,Day 612,Day 613,Day 614,Day 615,Day 616,Day 617,Day 618,Day 619,Day 620,Day 621,Day 622,Day 623,Day 624,Day 625,Day 626,Day 627,Day 628,Day 629,Day 630,Day 631,Day 632,Day 633,Day 634,Day 635,Day 636,Day 637,Day 638,Day 639,Day 640,Day 641,Day 642,Day 643,Day 644,Day 645,Day 646,Day 647,Day 648,Day 649,Day 650,Day 651,Day 652,Day 653,Day 654,Day 655,Day 656,Day 657,Day 658,Day 659,Day 660,Day 661,Day 662,Day 663,Day 664,Day 665,Day 666,Day 667,Day 668,Day 669,Day 670,Day 671,Day 672,Day 673,Day 674,Day 675,Day 676,Day 677,Day 678,Day 679,Day 680,Day 681,Day 682,Day 683,Day 684,Day 685,Day 686,Day 687,Day 688,Day 689,Day 690,Day 691,Day 692,Day 693,Day 694,Day 695,Day 696,Day 697,Day 698,Day 699,Day 700,Day 701,Day 702,Day 703,Day 704,Day 705,Day 706,Day 707,Day 708,Day 709,Day 710,Day 711,Day 712,Day 713,Day 714,Day 715,Day 716,Day 717,Day 718,Day 719,Day 720
501,-73.49722,41.940084,45.4,47.5,43.7,44,47.4,43.4,43.4,43.2,44.8,46.4,44,43.3,43.3,42.7,41.6,45.8,42.4,47.1,47.6,42.6,42.2,41.8,42.2,42.1,42.8,42.5,42.6,43.1,44.7,43.9,43.6,43,41.8,44,45.9,43.5,42.3,41.6,43,41.1,40.2,39.9,37.7,36.2,34.7,32.9,41.6,37.7,34.5,38.3,36.1,34.9,40.5,37.3,39.9,38.7,39.1,38.7,36.2,34.1,34.7,35.7,33.1,31.6,30.3,30.3,30.5,29.2,28.8,27.5,26.1,25,39.6,34.4,31.7,29.6,28.1,27.4,26.5,25.4,24.3,23.3,22.4,28.2,27.4,26.4,25.3,24,39.3,35.2,32.3,30,28.4,27.1,25.7,24.6,23.6,25.2,24.2,23.2,23.9,23.2,22.4,22.4,22.6,22.2,22,21.8,21.5,21,21.1,20.8,20.3,20,23.5,28.6,26.8,28,32.8,33.3,31.7,30.6,29.3,27.9,27.4,32.9,30.2,28.9,27.4,26.6,33.9,32.5,33.9,32.5,36.5,35.4,34.1,33.5,33.3,34.7,36.2,34.6,37.1,35.2,34.7,33.7,32.8,31.5,31,30.1,29.3,29.5,29.1,28.3,31.2,30.3,31.2,29.9,29.2,33.5,32.7,37.4,35.8,34.6,35.6,39.9,38,40,37.3,35.9,35.4,34.4,33.8,34,44.1,39.9,0,0,0,0,0,0,0,0,0,0,0,0,0,0,0,0,0,0,0,0,0,0,0,0,0,0,0,0,0,0,0,0,0,0,0,0,0,0,0,0,0,0,0,0,0,0,0,0,0,0,0,0,0,0,0,0,0,0,0,0,0,0,0,0,0,0,0,0,0,0,0,0,0,0,0,0,40.5,41.7,41.9,40.3,39.4,39.4,37,34.5,35.7,40.3,40.9,40.4,40.2,40.7,39.6,33.7,33.6,35,33.8,32.6,31.7,31.9,33.9,39.1,39.6,40,39.1,38.4,34.1,33.5,34.5,35.8,38.2,41.8,42.8,42.7,42.7,38.3,38.3,41.6,41.8,42.6,42.3,35.9,33,34.3,34.9,38.9,38.2,34.4,29.8,29,29.2,31.6,42.5,42.3,41.2,37.7,35,34.5,40,41.9,40.7,39,38.7,36.9,37.6,37.1,38.2,37.9,38.7,40.4,39.4,38.3,37.9,38.3,42.8,41.3,40.1,38.8,38.1,41.7,42,39.7,39,38.5,42.3,42.1,41.8,39.9,39,39.9,40.4,39.2,38.7,37.9,40.7,39,41.2,39.3,38.5,43.1,42.5,39.5,38.6,38.1,43.3,42.2,40,39.5,42,40.1,41.5,41.7,40.1,43.6,42,40.4,42,44.2,42.1,40.5,39.4,39.3,38.9,38.9,38.7,42.5,40.2,39.4,42.3,40,39.4,40.3,42.4,39.2,38.8,38.8,37.9,36.9,36,35.4,35,34.3,34.7,33.7,33.2,42.6,41.1,36.4,34.4,33.8,34.2,34.1,32.9,32.6,36.3,33,31.3,29.8,29,34.7,31.1,29.3,28.2,27.1,26,25.1,24.3,23.5,22.7,21.5,20.4,19.5,18.9,17.9,17.3,25.4,24.1,22.8,22.4,23.8,22,22,20.5,18.7,17.5,17.1,17.3,16.4,27.3,25.7,23.6,21.7,20.2,19.1,18.1,18,16.9,15.8,15.4,15.2,15.3,23.7,21.6,19.3,17.5,16,14.8,14.4,14.1,13.3,12.9,19.2,33.1,31.4,27.7,26.1,25.6,24.2,23.2,30,31.7,27.6,26.4,25,24,23.7,26.3,24.8,23.6,22.7,21.9,21,20.3,20.3,20.4,19.7,32.9,29.8,33.9,31.5,30.1,29.9,36,33.5,32,31,30.1,29.2,28.3,27.6,27.6,26.6,25.7,24.9,23.9,23.7,23,22.9,22.5,22.1,21.7,21.2,20.8,19.9,19.5,19.3,19.2,19.2,20,36.4,31.9,30.4,31.7,30.4,29.6,29,28.4,28,27.1,26.5,26,25.4,32.3,32.2,30.2,29,33.8,32,31.6,31.5,32.1,31.7,31.8,31.4,30.9,31,32.1,32.7,36,42,38.3,36.9,38.6,38.1,37.7,36.7,36.9,36.6,35.5,34.8,35.5,36.4,41.6,0,0,0,0,0,0,0,0,0,0,0,0,0,0,0,0,0,0,0,0,0,0,0,0,0,0,0,0,0,0,0,0,0,0,0,0,0,0,0,0,44.1,43.8,44.3,44.7,42.3,41.3,42.7,41,43.3,42.9,43.2,43.2,43,43.4,43.3,42.2,40.9,38.4,37,34.1,33.3,33.5,33.7,34.7,42.1,42.3,41.8,41.2,40.1,36.6,35.4,35.8,32.1,15.2,13.2,15,16.4,13.5,12.2,11.5,11.6,12.5,13.3,13.8,14.6,15,15.7,15.6,15.2,15.3,15.4,15.2,14.4,14.2,15,15.4,17.2,18.6,19.5,19.2,19,17,16.5,17.1,18.2,19.6,20.6,21.6,22.1,23.6,16.2,17,15.8,12.8,11.3,11.1,13.2,14.5,15.6,22.8,39.3,34.4,28.7,26.4,26.5,29,46.8,34.9,34.3,34.7,34.2,34.1,42.4,45.2,36.9,35.9,45.4,37.7,36.4,37.3,35.9,34.9,36,36.3,36.3,36.9,36.8,36.3,36.4,36.2,36.6,39.5,0
502,-73.4951,41.94195,25.2,29.2,27.2,27,27.8,26.9,26.4,26,26.4,26.1,26.3,26,26,25.7,25.3,27,26.3,27.2,27.4,26.8,26.3,25.8,25.9,25.4,25.1,25.1,25,24.3,25.3,24.7,24.4,24,23.5,25.1,25.8,25.1,25,24.5,24.5,24.3,24.2,23.8,23.5,23.2,22.7,22.2,24.2,23.5,22.7,23.3,22.9,22.4,23.9,23.3,23.9,23.4,23.1,23.5,22.8,21.9,22.2,22.2,21.3,20.7,19.8,19.4,19.5,18.7,18.2,17.2,16.5,15.8,24.9,23.7,22.7,21.6,21,20.3,19.8,18.9,17.7,17.2,16.4,20.9,20.2,18.9,17.6,16.3,26,23.9,22.5,21.2,20.1,19.4,18.1,17.4,16.5,17.2,16.3,15.3,16.1,15.7,14.3,14.4,14.2,13.4,12.9,12.5,12.1,11.5,11.5,11.1,10.6,10,11.8,18.1,16.4,15.1,21,20.4,18.8,17.4,16.1,15.1,14.5,19.1,17.5,15.7,14.2,13.6,19.3,17.5,18,16.4,20.5,19.4,17.9,16.7,16.2,15.1,18.5,17.7,18.7,17.6,16.4,15.2,14.7,14.1,13.6,12.9,12.3,11.8,11.7,11.1,12.6,12.5,12,11.7,11.1,13.7,13.4,18.5,17.7,16.6,16.4,21.6,20.4,20.1,19.1,18.5,17.9,17.4,16.8,16.5,24.4,23.2,0,0,0,0,0,0,0,0,0,0,0,0,0,0,0,0,0,0,0,0,0,0,0,0,0,0,0,0,0,0,0,0,0,0,0,0,0,0,0,0,0,0,0,0,0,0,0,0,0,0,0,0,0,0,0,0,0,0,0,0,0,0,0,0,0,0,0,0,0,0,0,0,0,0,0,0,23.9,23.7,24.1,23.5,23.4,23.2,22.8,22,22.5,22.9,23.6,23.2,22.9,22.7,22.9,20.9,20.4,21.3,20.8,20.1,19.8,19.8,20.4,25,24.5,24.3,23.8,23.4,22.2,21.9,22.2,22.3,22.2,22.6,23.3,24.2,24.3,23.3,23,23.6,24.2,24.4,24.2,22.2,17.7,18.2,18.1,18.1,18.6,17.1,14.9,14.8,15,15,15.9,23.1,19.7,18.9,18.3,16.9,17,18.2,19.3,19.5,19.4,19,19.2,19.1,19,18.7,18.6,19.7,19.3,19,18.7,18.9,23.6,20.5,20.2,20,19.7,19.5,20.3,20.3,20,19.7,20.4,20.3,20.5,20.2,20.1,19.7,19.9,19.5,19.6,19.3,19.6,19.2,20.6,20.4,20,20.5,21,20.4,20,19.9,21.6,21.2,20.4,20.3,20.8,20.2,20.4,20.6,20.2,21,20.8,20.4,20.4,22.2,21.3,20.8,20.2,20.2,20.1,20.1,19.8,20.7,20.4,20.1,20.7,20.3,19.9,19.7,19.9,19.7,19.3,19.3,18.9,18.7,18.5,18.2,17.9,18,17.7,17.5,17.3,19.2,18.8,18.6,18.2,18.1,17.9,17.6,17.3,17,17.8,17.5,17,16.3,16,17.7,17.2,16.6,16.1,15.6,15.1,14.5,14.1,13.9,13.5,12.7,12.3,11.9,11.6,10.7,10.3,13.4,13.4,12.9,12.6,12.4,12.3,12.2,11.2,10.4,10.1,9.9,9.7,9.5,12.7,13.8,12.1,10.8,9.8,9.6,8.8,9.1,8.4,8,7.4,7.3,7.3,7.3,7.6,7.3,6.8,7.1,6.6,6,6.2,5.8,6,7,6.4,14.5,12.6,11.3,10.5,9.1,8.5,12.6,13.5,12.3,10.9,9.6,8.3,8,7.6,8,7.4,6.7,6.6,6,5.9,6.1,5.5,5.3,12.3,11.7,14.3,12.5,11.2,10.1,16.2,15.2,13.7,12.3,11.6,10.7,9.7,9.3,9.7,9,8,8,7.7,7.2,7,7.4,6.6,6.3,6.5,6.2,6.2,6.2,6.4,6.1,5.9,5.9,6.1,17.4,16.3,14.9,14.9,14,13.2,12.9,12.4,11.9,11.5,11.1,10.9,10.3,11.3,14.2,13.5,13.1,16.7,15.9,15.1,14.7,14.1,14,13.7,13.5,13.2,13.2,14,14.1,15.8,17.7,17.9,17.6,17.8,17.2,17,17,16.5,16.3,16.4,16.2,15.9,15.9,17.8,0,0,0,0,0,0,0,0,0,0,0,0,0,0,0,0,0,0,0,0,0,0,0,0,0,0,0,0,0,0,0,0,0,0,0,0,0,0,0,0,17.7,17.7,19.7,19.4,18.9,18.8,18.8,18.7,19.1,18.9,18.8,19.1,18.9,18.8,18.8,18.4,18.5,18,17.7,17.3,17,17.2,17.4,17.5,18.1,19.3,19,18.8,18.7,18.4,18.2,18.2,16.9,13.8,13,13.4,13.5,13.2,11.6,9.5,8.6,9.8,11.4,12.1,13.1,13.2,13.6,13.7,13.7,13.6,13.6,13.6,13.4,13.5,13.5,13.1,17.9,17.5,17.5,17.3,17.1,17.3,17.3,17.3,18.1,17.9,18.1,19.2,20.4,20.8,19.5,19.2,19.1,17.7,15.9,14.8,14.4,15.6,18.1,19.4,19,18.6,18,17.2,17.3,17.3,20.7,19.4,19.3,19.3,19,18.7,19.2,19.6,19,18.5,20.4,19.2,19,18.9,18.9,18.6,18.5,18.2,18.3,17.9,18,17.8,17.7,17.6,17.5,18.3,0
503,-73.57178,41.95597,36.2,38.6,37.7,37.7,37.8,37.5,37,36.7,37,37.1,37.3,36.8,37,36.6,36.3,37.3,37,37.8,37.8,37.6,36.9,36.4,36.4,35.9,35.7,36.1,35.8,35.5,36.1,35.8,35.3,34.7,34.3,35.2,36.2,35.8,35.3,34.8,34.7,34.2,33.6,32.7,32,30.9,29.1,27.7,28.4,28.1,27.1,29.6,28.4,27.3,29,27.9,31,30.3,30.3,30.4,29.1,27.7,26.1,26.6,25,22.7,20.3,19.6,19.8,17.8,16.1,13.9,12.1,10.7,24.1,21,18.5,15.9,13.7,12.2,10.9,9.4,8.3,7.9,7.5,20.6,18.5,15.7,12.9,9.8,28.3,26.3,23.8,21.3,19,17,14,11.8,9.7,9,8,7.1,12.8,9.1,7.3,6.8,6.6,6.7,6.6,8.6,6.7,6.1,6.1,6,5.7,5.9,19.2,20.8,17.6,18.7,25.7,25.6,23.8,22.1,20.6,18.9,17.7,20.3,18.1,15.6,13.5,11.4,23.2,21,23.3,21.2,26.3,24.7,23,21.5,20.8,19.6,23.1,21.8,22.6,21,19.3,17.5,16.1,14.3,12.5,10.5,8.9,14.4,12.6,10,16.9,13.4,15.7,11.6,9.4,12.7,13.2,20.2,19.6,18.3,18.1,26.8,0,0,0,0,0,0,0,0,0,0,0,0,0,0,0,0,0,0,0,0,0,0,0,0,0,0,0,0,0,0,0,0,0,0,0,0,0,0,0,0,0,0,0,0,0,0,0,0,0,0,0,0,0,0,0,0,0,0,0,0,0,0,0,0,0,0,0,0,0,0,0,0,0,0,0,0,0,0,0,0,0,0,0,0,0,0,28.3,28.5,28.5,28.2,28,27.7,27.2,27.5,27.3,27.6,28.8,28.7,28.4,28.5,28,8.6,10.3,14.6,14.8,14.1,14.8,17.9,20.4,28.5,27.5,27,26.5,26.3,24.4,24.1,24.2,24.4,24.6,25.3,26.7,27.7,26.8,26.1,26,27.5,27.2,28,27.3,26.5,22.5,22.5,23.7,24.8,25,12.9,7.6,10.2,12.3,15.2,18.2,40.1,25.7,25.1,24.7,22.7,23,26,24.9,24.4,24.3,23.9,23.8,23.5,23.4,23.3,23.4,23.8,23.8,23.5,23.4,23.3,27.6,25.2,24.6,24.1,23.9,24.2,24.9,25.1,24.8,24.3,26,24.9,24.9,24.3,24,24.3,24.2,23.9,23.7,23.4,23.7,23.4,24.8,24.3,24,26,25.1,24.4,24,23.9,24.2,25,24.5,24.2,24.6,24.2,28.9,29,28.6,29.9,29.9,29,29.8,31,30,29.1,28.6,28.5,28.2,28,27.6,28.7,28.6,28.3,29.5,29,28.6,28.5,28.7,28.3,28.1,28.1,27.8,27.5,27.1,26.6,26.4,25.9,25.7,25.2,24.8,24.6,24.8,24.6,24.1,23.5,22.8,22.6,21.4,20.5,21,19.9,18.4,16.4,17.1,22.6,20.8,19.6,18.2,16.8,15.1,13.6,11.9,10.3,9,7.8,7.1,7.1,7,6.1,6,14,11,8.5,14.3,16.2,13.1,11.9,9.4,7.8,6.7,6.4,6.4,6,16.7,12.5,8.5,6.7,6,5.7,5.4,5.7,5.1,5.3,4.7,4.7,8.9,14.8,11.7,9.8,8.4,7.3,6.3,5.7,5.4,5,4.7,7.8,6.2,16.1,13.1,11.5,11.2,9.8,8.1,15.4,16.8,17.3,15.8,14,12,11.4,10,8.9,7.7,7,6.3,5.9,5.6,5.3,4.7,4.9,15.4,12.9,17.4,15.4,13.9,12.6,19.1,19.5,18.3,16.8,15.3,14.1,12.7,11.5,11.2,10.4,9,8.5,7.3,7,6.2,6.1,6.1,5.8,5.3,5.5,4.7,4.7,4.9,4.6,4.9,4.7,7.2,22.2,22.8,22.3,22.5,22.2,21.8,21.2,20.9,20.4,20.2,19.7,19.1,18.8,21.6,23,23.1,22.6,24.6,24.4,24.2,23.9,23.8,23.6,23.6,23.6,23.5,23.6,23.8,24.3,24.5,26.5,25.6,25.6,25.8,25.4,25.1,25.1,25,24.8,24.8,24.6,24.5,24.6,25.9,25.7,25.9,25.6,26.3,25.9,25.8,0,0,0,0,0,0,0,0,0,0,0,0,0,0,0,0,0,0,0,0,0,0,0,0,0,0,0,0,0,0,0,0,0,0,26,26.1,29.1,27,26.4,26.2,26.2,26,27.6,26.5,27.3,26.8,26.6,26.5,26.4,26.1,26,25.8,25.5,25.2,25.2,25.2,25.2,25.4,26.8,27.3,26.8,26.5,26.3,26,25.8,25.8,25.1,17.1,10.8,13.3,16.3,14.8,8.7,7.9,8,9.6,10.8,11.9,13.3,14.5,16.5,17.6,17.2,18.3,19.9,20.9,21.2,21.2,21.2,21.7,25.8,24.7,24.4,24.2,23.9,24,24,23.9,24.9,24.6,24.4,25.4,27.3,25.6,24.7,24.6,24.1,23.6,21.8,21.3,21.3,23.4,25.2,25.4,24.1,23.6,22.6,22.3,22,22,25.6,24.3,24,23.7,23.3,22.9,24,24.5,23.5,23.1,25.2,24,23.6,23.9,23.4,23,22.9,22.6,22.2,22,21.8,21.7,21.5,21.4,21.5,22.7,0
504,-73.5794,41.924,20.8,25,22.7,22.9,23.9,22.7,22.3,22,22.6,22.6,22.9,22.2,22.5,22.1,21.9,22.8,22.5,23.5,23.6,23,22.3,22.1,22,21.9,21.8,21.6,21.5,21.2,21.4,21.2,20.8,20.5,20,21.4,22.3,22.1,21.8,21.4,21.5,21.1,20.7,20.2,19.9,19.3,18.8,18,18.9,18.5,17.8,19.5,18.9,18.5,19.3,18.8,20.1,19.8,20,20.2,19.6,19.1,19.3,19.3,18.6,17.8,16.9,16.5,16.2,15.2,14.7,13.7,12.3,11,10.7,10.9,10.4,9.8,9,8.5,7.7,7.1,6.1,5.7,5.1,5.2,5.7,5.7,5.6,4.8,12.2,13.7,12.3,11.2,10.2,9.4,8.5,7.6,7.1,6.6,5.8,5.6,5.1,5.3,5,4.7,4.4,3.8,4.3,4,3.4,3.7,3.1,3,3,3,2.7,3,3.7,3.8,11.8,13.2,11.8,10.3,9.3,8.2,7.6,7.3,7.6,7,6.1,5.5,6.7,8.1,8.8,8.8,12.1,11.8,11,10,9.7,8.7,10.4,10.3,11.6,11.4,10.3,9.4,8.3,7.7,7.2,6.1,5.2,5,4.7,4.4,4.4,4.7,4.5,4.6,4.3,4.6,4.3,10.1,9.7,9.3,8.8,16.1,0,0,0,0,0,0,0,0,0,0,0,0,0,0,0,0,0,0,0,0,0,0,0,0,0,0,0,0,0,0,0,0,0,0,0,0,0,0,0,0,0,0,0,0,0,0,0,0,0,0,0,0,0,0,0,0,0,0,0,0,0,0,0,0,0,0,0,0,0,0,0,0,0,0,0,0,0,0,0,0,0,0,0,0,0,0,21.3,21.4,21.6,21.3,21,21,20.8,20.6,20.9,20.6,21.5,21.3,21.2,21.1,21.1,20.3,20.6,20.6,20.3,20.2,20.2,20.2,20.3,23.3,22.2,21.7,21.5,21.1,20.9,20.7,20.7,20.9,20.8,20.6,21.2,22,21.9,21.2,21.4,22.3,22.3,22.3,22.1,21.2,20.7,21,21.2,21.5,21.4,20.7,20.6,20.4,20.8,21,21.5,24.5,22,21.5,21,21.1,21.3,21.8,21.4,21.2,21,20.9,20.9,20.6,20.5,20.6,20.7,20.9,20.8,20.6,20.6,20.6,24.1,21.9,21.7,21.2,21.2,21.3,21.6,21.9,21.6,21.3,22.2,21.6,21.6,21.4,21.1,21.3,21.4,21,20.9,20.7,21.5,21.1,22.1,21.5,21.2,22.6,22.4,21.7,21.2,21.2,21.1,21.6,21.5,21.4,21.6,21.3,21.6,21.5,21.4,22.3,22.3,21.5,22.2,23.7,22.2,21.5,21.1,21.1,20.9,20.8,20.7,21.3,21.5,21.2,21.5,21.2,21.1,20.9,21.4,20.9,20.8,20.5,20.5,20.4,19.9,19.8,19.7,19.4,19.1,18.8,18.5,18.5,18.2,17.9,17.5,17.2,16.9,16.6,16,15.6,15.7,14.9,14.3,13.5,12.8,15.9,15.1,14.5,13.6,12.9,12.2,11.3,10.3,10,8.9,8.2,7.3,6.7,6.4,5.8,5.9,9.5,9.1,8.5,9.4,12.2,11.1,10.4,9,7.9,6.5,5.9,6.3,5.6,5.3,6.6,5.8,5.5,5.1,4.5,4.4,4.4,4.3,4,3.7,3.7,3.4,3.4,3.4,3.4,3.1,3.6,3.1,3,3,2.7,2.7,2.4,2.4,2.4,4.5,5.5,5.8,5.7,5.4,4.8,5.1,5.6,5.7,5.4,4.8,4.8,4.5,4.4,4.4,4.3,3.5,3.7,3.1,3.3,3,3,2.7,2.8,3.7,7.5,8.7,8.3,12.9,14,13.5,12.8,11.9,11.3,10.7,10.2,10.1,9.5,9.1,8.6,8,7.9,7.1,6.8,6.9,6.2,6,5.5,5.1,4.5,4.2,3.8,4.3,4,3.8,15.3,15.9,15.6,15.5,15.1,14.4,14.1,13.9,13.2,13.1,12.6,12.2,11.6,14.6,16.1,15.9,15.5,19.1,18.8,18.4,18.1,18.1,17.6,17.6,17.3,17.5,17.3,17.5,17.6,18.3,21.5,20.6,20.6,20.8,20.4,20.2,19.9,20,19.6,19.7,19.5,19.5,19.4,20.6,20.5,20.4,20.1,20.7,20.5,20.2,0,0,0,0,0,0,0,0,0,0,0,0,0,0,0,0,0,0,0,0,0,0,0,0,0,0,0,0,0,0,0,0,0,0,0,20.3,22.2,24.2,22.3,21.9,21.6,21.4,22.7,21.9,22.6,22.1,21.7,21.6,21.5,21.2,21.2,21,20.9,20.7,20.8,20.8,20.8,20.6,21.1,22.3,21.7,21.6,21.4,21.1,21,21,20.8,20,20,20,20.3,20.2,19.9,19.8,19.5,19.6,19.8,19.9,20,20,20,20,20.2,20,20,20,20.2,20.2,20.2,20,20.7,20.6,20.7,20.6,20.4,20.4,20.4,20.6,20.7,20.8,20.7,21.3,21.5,21.7,21.3,21.1,21.1,21,20.9,20.5,20.6,21.6,22.6,23.3,22,21.6,21.2,21,20.8,21,22.9,21.9,21.6,21.3,21.1,21,21.6,22.6,21.5,21.2,22.6,21.6,21.4,21.4,21.4,21.2,21,20.8,20.8,20.7,20.5,20.5,20.4,20.2,20.5,21.4,0
505,-73.61745,41.9501,21.6,30.4,25.4,25.5,26.6,25.2,24.6,24.3,25,25.1,25.6,24.4,25.1,24.1,23.7,26.5,25.3,27.3,27.6,26.8,26,25.1,25.3,24.5,24.3,24.8,24,23.4,23.6,23.2,22.5,21.5,20.4,22.2,25,24,23.3,22.5,22,21.4,20.5,19.9,19.5,18.5,17.2,16.2,16.3,16.4,16,18.6,17.9,17.1,18.3,18.2,21.4,20.9,20.6,21.2,20.3,19.5,19.1,18.9,18.1,17.3,16.3,17.8,18.2,17,16.3,15.3,14.1,13.4,14.4,13.9,13.3,12.4,11.4,10.9,10.5,9.7,9.4,8.7,8.4,9.2,9.8,9.8,9.1,8.9,20.1,17.5,15.8,15,14.1,13.3,12.5,11.6,10.7,10.5,9.7,9.2,11.3,10.2,9.2,8.7,9.9,9.4,9.1,8.8,8.3,8,8.2,7.8,7.4,6.9,11,10.3,9.6,9.9,13.6,12.7,12.3,11.8,10.9,10,9.6,9.7,9.4,9.2,8.9,8.2,12.8,11.5,13.5,12.1,16.5,15,14,13.5,12.9,12.3,12.8,12.3,12.5,11.8,11.2,10.7,10.2,9.4,9,8.2,8,7.5,7.6,7.3,7.3,7.3,9.5,8.2,8,8,7.8,8.2,8.4,8.5,8.5,13.8,0,0,0,0,0,0,0,0,0,0,0,0,0,0,0,0,0,0,0,0,0,0,0,0,0,0,0,0,0,0,0,0,0,0,0,0,0,0,0,0,0,0,0,0,0,0,0,0,0,0,0,0,0,0,0,0,0,0,0,0,0,0,0,0,0,0,0,0,0,0,0,0,0,0,0,0,0,0,0,0,0,20.2,22.9,22.2,21.3,20.9,20.6,20.4,20.7,20.6,20.5,20.5,20.2,19.8,20,19.9,20.9,20.4,20.5,20.5,20.3,20,20.1,19.8,19.7,19.7,19.6,19.6,21,22.4,21.4,21.1,20.8,20.4,20.3,20.3,20.3,20.3,20.1,20,20.9,22.2,21.8,20.9,20.9,21.9,21.5,22.7,21.9,20.9,20.3,20.4,20.7,20.9,20.6,20.5,20.2,20.2,20.3,20.1,20.5,26.1,21.6,21.1,20.8,20.5,20.8,21.2,20.9,20.7,20.6,20.4,20.3,20.1,20.1,20,20,20.4,20.3,20.2,20,20,23.9,21.6,21.5,21,20.7,21.1,22.4,21.7,21.2,20.9,23.6,21.9,21.6,21.3,21,20.8,21.4,21.1,20.8,20.5,20.6,20.7,22.2,21.4,21.1,23.6,22.8,21.9,21.4,21.1,21,22.6,21.8,21.4,22.5,22,22,22.8,22,24.8,23.5,22.6,23.6,25.2,23.8,22.4,21.8,21.5,20.9,20.9,20.5,21.2,21.4,20.8,23.8,22.3,21.5,21,22.6,20.9,20.5,20,19.3,18.3,17.5,16.7,16,14.9,14.3,13.6,12.5,12.6,13.2,11.9,11.1,10.3,10.4,10.2,9.6,9.5,12.6,11.1,10.3,9.2,12,16.3,14.9,13.7,13.2,12.4,11.8,11.1,10.7,9.9,9.3,9.2,8.6,10.7,9.2,8.8,8.4,12.5,11.2,13.2,16.1,17.7,16.6,15.4,14.5,13.5,12.6,12.1,11.7,11,16.1,12.7,11.5,10.9,10.2,9.5,9.3,8.8,8.7,8.3,7.8,7.7,7.6,11.2,10.9,10.6,9.3,8.8,8.1,7.9,7.5,7,6.6,8.3,10.3,13.8,11.8,11.1,11.1,10.1,9.3,12.9,14.9,13,12.3,11.4,10.7,10.3,10.6,9.4,8.7,8.5,7.9,7.1,7,6.4,7.2,6.5,13.7,12.9,15.2,14,12.9,11.8,18.7,15.9,14.4,13.1,11.8,10.4,9.5,8.6,8.8,8.2,7.5,7.4,7,6.6,6.3,6.5,6.1,6,5.4,5.6,5.3,5.1,5,4.7,5,6.7,6.5,25.3,17.9,16.4,16.4,15.4,14.8,14.1,13.1,12.7,11.5,10.5,9.6,9.3,19.1,17.4,15,13.8,20.9,17.7,16.6,16.1,15.6,15.3,14.5,13.5,13.3,13.3,13.8,14.6,17.3,27.6,23.3,23.3,23.1,22.3,21.9,21.5,21,20.9,20.9,20.7,20.5,20.4,23.9,23.7,23.6,23.1,24.6,23.4,22.9,0,0,0,0,0,0,0,0,0,0,0,0,0,0,0,0,0,0,0,0,0,0,0,0,0,0,0,0,0,0,0,0,0,0,0,0,30.2,25.3,24.4,24.1,23.9,23.7,27.5,24.7,28,25,24.5,24.7,24.5,24.2,23.8,23.7,23.2,23.1,22.9,23,23.1,23.2,29.3,26.9,25.9,25.3,25.2,24.8,24.8,24.7,24.4,23.9,23.9,23.9,23.9,23.9,23.6,23.3,23.1,23.3,23.6,23.8,23.7,24.2,24.2,23.9,23.9,23.9,23.8,23.7,23.7,23.5,23.6,23.6,27.2,25.8,25.4,25.1,25.2,25,24.9,24.9,29.8,27.4,27.1,28,30.1,27,25.8,26.3,25.8,25.5,25.2,25,25,25,24.9,24.6,24.5,24.4,24.2,24.1,24.1,24.1,27.8,26.1,25.6,25.5,25.2,25,26.2,26.4,25.6,25.2,28.5,26.5,25.9,25.8,25.7,25.6,25.2,25,24.7,24.4,24.2,23.6,23.4,23,22.8,25.5,24.2
506,-73.61913,41.9501,31.2,39.9,35,34.5,35.2,34,33.3,32.9,33.7,33.4,34.1,33.1,33.7,32.9,32.4,34.9,33.7,35.2,35.6,34.5,33.5,32.9,32.7,32.1,31.8,32,31.5,30.8,30.9,30.3,29.8,29.1,28.5,30.1,32,31.1,30.5,29.8,29.2,28.4,27.9,27.2,26.7,25.9,24.8,23.7,24.3,24,23.2,27,25.7,24.3,25,24.1,28.9,27.2,26.5,26.5,25.2,23.7,23.5,22.8,21.2,19.9,18.8,20.2,20.1,18.7,17.5,16.5,15.3,14.6,20.3,17.3,15.4,14,13.4,12.6,11.9,11.7,10.6,10.2,9.9,18.2,16,14.4,12.7,11,27.4,23.5,19.8,16.9,14.9,13.5,12.1,11.5,10.5,10.4,9.5,9.2,13.7,11.1,9.8,9.5,13.6,11.5,11.4,10.1,9.4,8.8,9,8.6,8.5,7.7,18.5,16,12.8,12.1,20.6,18.2,15.9,13.9,12.2,11,10.1,16.3,13.3,10.9,9.6,9.2,19.9,15.8,19.3,15.9,23.8,19.8,16.8,15.1,13.7,19.2,16,13.7,14.4,12.8,11.4,10.1,9.8,9.2,8.8,8.4,8,12.6,10.6,8.9,10.2,10.1,10.5,10.1,9,9.5,8.6,15.7,14.3,13.1,12.5,23,20.1,18.8,17.2,16,15.3,14.6,14,14,25.3,23.9,23.2,22.5,22.3,22.1,25.5,23.5,22.8,22.3,22,24.8,23.9,23.6,26.5,26.8,25.3,25,24.6,24.8,24.5,24.1,26.2,25.4,24.4,24.1,23.6,24,24,24,23.6,23.5,23.3,28.6,26.1,25.3,25,25.1,28.3,26.5,25.9,25.5,25.6,25.3,25,24.8,24.7,24.5,24.5,24.5,24.5,24.5,24.6,24.5,27.9,26.6,26.1,25.5,30.2,26.4,25.7,25.6,25.2,25.2,24.4,22.3,20.8,21.9,24.9,0,24.7,24.9,25.4,0,28.1,27.6,26.6,0,0,0,0,0,0,0,0,0,0,0,0,0,0,0,0,0,0,0,0,0,0,0,0,0,0,0,0,0,0,0,0,0,0,0,0,0,0,0,0,0,0,0,0,0,0,0,0,0,0,0,0,0,0,0,0,0,0,0,0,0,0,0,0,0,0,0,0,0,0,0,0,0,0,0,0,0,0,0,0,0,0,0,0,0,0,0,0,0,0,0,0,0,0,0,0,0,0,0,0,0,0,0,0,0,0,0,30.8,28,26.8,26.1,27.5,26.7,26.6,27,26.3,31.2,28.2,27.1,28.3,29.8,28.6,27.2,26.5,26.1,25.8,25.6,25.3,28,26.8,26.1,27.8,26.8,26.1,25.6,26.6,25.9,25.6,25.3,24.7,24.2,23.9,23.4,23.2,22.7,22.2,21.7,21,20.7,20.7,19.8,19.2,19.1,18.9,18.5,17.9,17.2,18.8,17.6,16.7,16,19.5,25.1,23.3,22,20.8,19.9,18.5,17.3,16.5,15.6,14.5,13.6,12.7,12.4,12,11.5,11.1,17.9,15.6,14.2,22,22.9,20.2,18.2,16.2,14.5,13.2,12.5,12,11.4,12.6,12.4,11,10.4,9.8,9.5,9.3,9.1,9,8.6,8,7.8,7.7,16.9,13.5,11.2,9.5,8.6,7.9,7.4,7.3,7.2,6.9,13.8,18.1,18.1,13.9,11.7,10.7,9.4,8.3,17.5,19.8,14.5,12.4,10.3,9,9.1,8.1,7.6,7.5,6.9,7.1,6.8,6.5,6.7,6.6,6,19.6,15.8,19.6,15.4,12.9,11.5,22,16.9,14.1,11.8,10.5,9.7,8.2,7.9,7.9,7.4,7.1,7.1,6.7,6.6,6.3,6.3,6.4,6.1,6.3,6,5.8,5.5,5.5,5.7,5.5,5.4,5.5,25,19.7,17.3,16.5,15.1,14.1,13.3,12.3,11.5,10.8,10.2,9.7,9.2,15,18.8,15.8,14.6,21.6,18.9,17.3,16.4,15.7,15.3,14.7,14.5,13.9,13.9,14.6,15.4,18.2,28.3,23.9,23.5,23.7,22.7,22.1,21.4,21,20.6,20.1,19.8,19.4,19.2,24,23.7,23.7,22.9,24.7,23.4,23.2,0,0,0,0,0,0,0,0,0,0,0,0,0,0,0,0,0,0,0,0,0,0,0,0,0,0,0,0,0,0,0,0,0,0,0,0,31.1,26.9,26,25.6,25.4,25,30.7,26.1,31,26.5,26,26.3,26,25.5,25.3,24.8,24.6,24.2,23.9,24.1,24.1,24.3,30.2,27.6,26.6,25.9,25.6,25.1,25.1,25.1,24.4,23.3,23.1,23.2,23.3,23,21.9,20,18.5,19.8,21.2,21.8,22.1,23.1,23.2,23.2,22.9,22.8,22.9,22.9,22.5,22.6,22.5,32.4,30,27.4,26.4,26.1,25.9,25.6,25.3,25.4,29.7,28.8,28.1,29.5,32.7,28.5,26.8,28.6,26.9,26.4,25.6,25.5,25.4,25.4,25.2,25.2,24.7,24.7,24.4,24.2,24.2,24.1,29.2,26.9,26.5,26,25.7,25.3,26.5,27.6,25.9,25.5,29.1,27.3,26.5,26.5,26.3,25.9,25.7,25.3,25.2,24.8,24.7,24.6,24.2,24,24,26.3,25.4
507,-73.50703,41.8385,25.5,32.6,25.6,25.9,27.8,25,24.3,23.8,25.2,24.6,25.5,24,25,23.5,22.9,26.2,24.5,26.7,27.8,26.3,25.3,24.2,24.3,23.4,24,22.9,22.4,22,21.9,21.3,21.1,20.6,20.2,23.9,24.8,24.4,22.8,21.8,21.8,21,20.4,20.2,19.7,18.9,18.2,17.5,18.5,19,18.3,19.9,19,18.4,21,20,21.9,20.6,20.1,21.5,19.7,18.5,17.7,19.3,18.2,17,15.7,14.4,13.1,11.7,10.9,9.4,7.8,7.2,7.4,7,6.6,6.1,6.3,5.5,5.8,5,4.8,4.9,4.8,5.7,6.8,5.9,4.7,4.8,18.2,17,15.6,14,12.8,11.6,10,8.8,7.7,7.4,6.1,5.7,16.7,15.4,13.8,13.3,16.4,15,15,13.9,12.3,11.1,10.9,10,8.4,9.3,14.6,16.1,14.8,15.1,18,18,16.8,15.4,14.4,13.1,12.5,15.1,14.2,13,11.5,10.6,17.9,16.6,18,16.8,18.9,17.1,16.2,15.5,15.1,14.6,16.7,15.5,15.8,14.7,13.8,12.8,11.9,11.2,10.4,9.7,9.2,7.9,7.4,7.2,12.7,12.9,11.7,9.9,9.2,11.6,10.8,16.1,14.8,13.7,13.8,18.9,16.8,18.8,16.8,15.8,15.3,14.8,14,13.6,20.1,19,0,0,0,0,0,0,0,0,0,0,0,0,0,0,0,0,0,0,0,0,0,0,0,0,0,0,0,0,0,0,0,0,0,0,0,0,0,0,0,0,0,0,0,0,0,0,0,0,0,0,0,0,0,0,0,0,0,0,0,0,0,0,0,0,0,0,0,0,0,16.5,20,21,26.8,26.2,23.9,22.4,21.8,21.5,22.2,21.2,20.8,20.7,19.9,19.2,20,20.1,21.3,20.5,20.1,20,20,12.8,12.3,16.2,12.5,10.1,9.2,10.5,12.3,22.7,21.7,20.8,19.5,18.7,17.9,18.4,18.2,18.7,18.2,18,23.7,23.1,21.1,19.3,19.3,23.6,21.4,27.4,23.4,18.9,10.4,12.8,14.2,17.3,18.4,13.6,9.1,10.6,11.7,13.3,19.9,29.3,20.2,18.7,17.5,17.2,19.2,20.7,18.8,18.1,17.7,17.3,17.5,17.1,17,16.9,17.9,18.4,17.6,17.2,17.1,16.8,26.7,20,19,18,17.7,20.3,20.8,20.4,19.1,18.2,21.2,19.6,19.3,18.6,18,17.9,18,17.7,17.3,17.3,19.3,17.9,19.8,18.4,17.8,23.1,20.9,19,18.5,20.7,22.3,23.3,21.8,21.7,23.8,22.4,22.5,22.7,21.7,24,22.5,21.7,21.5,27.1,23.5,22.2,21.5,21.3,21,20.7,20.5,23.6,21.8,21.2,21.2,20.6,20.5,21.3,24.2,21.7,20.9,20.3,19.7,19.1,18.7,18.4,18.1,17.6,17.2,16.7,16.1,15.7,15.3,14.2,13.5,12.6,12.3,12.1,11.2,10.6,9.2,8.4,7.9,7.8,7.1,7,6.7,6.3,6.3,6,5.7,5.8,5.8,5.2,5.1,5,4.7,4.7,4.3,4.8,4.2,8.5,8.9,8.2,7.9,7.6,7.5,7.3,5.7,5.5,5,5.3,5,4.7,5,5.4,5.4,4.5,4.9,4.3,4.2,4.2,4.1,4.1,3.6,3.6,3.3,3.8,4.5,4.5,3.8,3.8,3.5,3.2,3.1,3,3,2.8,2.8,6.8,7.5,7.2,6.6,5.9,5.4,5.5,6.6,6.6,6.2,5.7,4.7,4.3,4.5,3.7,3.9,3.8,3.2,3.2,2.9,3.4,2.9,3.1,5.9,6.6,7.2,7.9,7.7,7.5,9.2,9.6,9.2,9.1,8.8,8.4,8,7.2,7.1,6.4,5.6,5.5,5.2,4.8,4.8,4.2,4.2,3.8,3.7,3.7,3.5,3.5,3.5,3.2,3.6,3.4,3.6,5.7,8.6,8.9,9.3,8.9,8.8,8.9,8.8,8.5,8.3,7.9,7.9,7.2,8.4,9.2,9.2,9.5,10.8,10.9,10.5,10.6,10.4,10.7,10.4,10.6,9.9,10.1,9.9,10.1,11.1,14.3,13.9,13.7,14.2,13.9,13.4,13.1,13.1,12.7,12.5,12.4,0,0,0,0,0,0,0,0,0,0,0,0,0,0,0,0,0,0,0,0,0,0,0,0,0,0,0,0,0,0,0,0,0,0,0,0,0,0,0,0,0,0,0,0,15.7,19,17.9,17,16.7,16.9,16.5,19.1,16.7,18.2,16.6,16.5,16.9,16.7,16.3,16.2,15.2,15,12.2,10.8,12.1,13.7,15,19.5,19.1,17.3,17.1,16.9,16.4,16.7,16.4,15.3,9.4,7.9,9.3,10.7,9.1,6.7,6.1,6.2,7.6,8.3,8.8,10.1,10.5,11.1,12.3,12.5,12.9,13.5,13.7,13.9,14.3,14.7,15.3,20.1,18,17.3,17.4,17.2,17,17.1,17.8,21.9,19.5,18.6,20.3,23.1,20.7,18.8,18.9,18.3,16.6,13.7,10.3,10.3,13.8,17.9,19.1,16.8,16.1,15.5,14.7,14.9,15.5,20,17.6,16.5,16.3,15.8,15.8,17.9,18.3,16.4,15.9,19.1,17,16.5,17.7,16.4,16.3,16.1,15.7,15.3,15.4,15.2,14.9,14.9,15,14.8,16.4,15.6
508,-73.58717,41.8278,30.9,37.7,33.5,33.6,35.1,32.9,32.4,32,32.8,32.8,33.6,32.3,32.9,32,31.7,33.8,32.8,34.1,34.5,33.6,33.1,32.4,32.4,31.9,32,31.5,31.3,31,30.7,30.5,30,29.4,28.8,31.6,32.5,32.2,31.2,30.6,31,30.5,29.9,29.2,28.9,28.2,27.1,25.9,26.9,26.7,25.8,27.2,26.3,25.5,28.1,26.8,28.3,27.2,26.9,27.7,26.1,25.2,23.9,24,22.8,21.1,19.7,18.4,17.5,16.2,15.5,14.3,13.2,12.1,11.6,11.3,10.8,10.4,10,9.5,9.3,8.7,8.4,8,7.7,7.7,7.8,7.8,7.7,7.6,17.1,18.7,18.3,16.8,15.4,14.3,13.1,12.4,12.7,12.3,11.5,10.7,17.8,18.4,17.9,17.5,17.6,17.2,16.9,16.4,15.9,14.9,14.5,13.9,12.7,12.6,13.4,15.9,16.4,16,18.3,20,20.1,19.5,19,18,17.3,18.4,18.2,17.2,16.1,15,19.2,19.4,19.5,19.1,20.2,20,19.3,18.7,18.4,17.8,18.8,18,18.6,18.1,17.3,16.4,15.5,15,14.1,13.3,12.5,11.9,11.5,11.2,11.4,11.3,11.5,11.2,10.9,11.1,11,11.9,13.4,13.8,13.5,15.6,17.7,0,0,0,0,0,0,0,0,0,0,0,0,0,0,0,0,0,0,0,0,0,0,0,0,0,0,0,0,0,0,0,0,0,0,0,0,0,0,0,0,0,0,0,0,0,0,0,0,0,0,0,0,0,0,0,0,0,0,0,0,0,0,0,0,0,0,0,0,0,0,0,0,0,0,0,0,0,0,26.5,26.8,26,28.9,28.3,27.1,26.5,26,26.3,27.3,26.5,26.2,25.9,25.6,25.4,25.7,25.3,26.7,26.1,26,26.5,26,23.9,25.5,25.7,24.9,24.5,24,24.8,25.4,29.7,28.1,27.1,26.7,25.9,25.7,25.8,26.2,25.9,25.9,25.7,27.1,28.9,27.9,26.6,26.9,29.4,28,31.6,28.7,25.1,18.2,25.1,26,27.4,26.5,25.7,24.3,24.9,25.4,26.2,27.5,36.5,28.7,27.6,26.6,26.6,27.1,28.8,27.4,27,26.7,26.5,26.3,25.9,25.9,25.7,26,27.7,26.9,26.3,25.2,25.2,32.9,27.7,27.2,26.5,26.1,26.9,26.8,27.6,26.8,26.3,29.7,27.8,27.4,26.9,26.4,25.9,26,25.6,25.4,24.9,26.8,25.7,27.4,26.6,25.9,31.2,28.3,27.3,26.6,26.1,31.8,28.5,27.2,26.6,27.7,26.8,26.8,27.5,26.5,29.3,27.6,26.6,26.5,30.1,28,26.7,26,25.8,25.6,25.6,25.2,28.2,26.7,25.8,26,25.5,25.4,25.1,28.3,26.5,25.9,25.4,25.1,24.8,24.5,24,23.8,23.3,23,22.3,21.7,21.5,21.1,20.4,19.6,19.4,18.9,18.5,17.6,17.1,15.9,15,14.2,13.1,12.4,13.3,12.5,12,11.6,11.2,10.7,10.4,9.7,9.3,9,8.6,7.9,8.1,7.7,7.6,7.5,7.4,7.9,8.3,8.5,8.4,8.5,9.1,9.6,9.1,8.6,8.1,8.2,8.5,8.8,10.9,11.6,10.5,8.7,8.1,7.9,7.7,7.3,7,6.9,6.8,6.2,5.8,6.7,6.7,5.9,6.1,5.5,5.4,5.3,5,4.8,4.8,4.8,7.1,8.7,8.8,8.6,8,7.3,7.8,9.1,10.7,10.6,10.2,9.7,9.5,8.6,8.4,8,7.2,7,6.4,5.9,5.8,5.8,5.9,9.5,11.5,12.6,13,12.7,12.1,13.4,14.3,14.3,13.9,13.2,12.5,11.9,11.4,11.1,10.5,9.9,9.7,8.9,8.7,8.4,7.9,7.7,7.6,7.3,7.1,7,6.7,6.6,6.4,5.9,6,6.4,6.7,13,13.8,14.2,14,13.8,13.4,13,12.6,12.2,12.1,11.4,11.2,11.7,13.8,13.9,13.8,15,15.3,15.1,14.9,14.6,14.7,14.6,14.4,14.4,14.1,14.1,14,15.1,18.7,18.2,18.3,18.8,18.5,18.3,18.2,18.1,0,0,0,0,0,0,0,0,0,0,0,0,0,0,0,0,0,0,0,0,0,0,0,0,0,0,0,0,0,0,0,0,0,0,0,0,0,0,0,0,0,0,0,0,0,0,0,20.9,25.1,22.4,21.8,21.5,21.4,21,23.3,21.8,24.3,22.1,21.9,21.9,21.9,21.7,21.3,21.2,20.8,20.7,20.7,20.8,20.7,21.1,22.6,23,22.1,21.8,21.6,21.3,21.3,21.3,20.8,20.1,20.5,20.9,20.9,20.6,19.9,18.4,17.1,20.9,21.1,21.4,21.3,21.4,21.2,21.1,20.9,20.8,20.8,20.8,20.8,20.8,20.7,20.9,24.4,23.1,22.6,22.4,22.3,22.1,22,22.8,24.1,24,23.4,24.3,25.2,24.8,23.2,23.7,23.1,22.5,22.2,21.2,21.7,25.4,28.7,26.5,24.4,23.7,22.9,22.5,22.6,22.8,27.4,24.6,24.1,23.5,23.3,22.8,26.3,25.3,23.6,23,26.7,24.2,23.6,25.4,24,23.5,23.2,22.7,22.5,22.2,21.8,21.5,21.2,21.1,20.8,22.5,0
509,-73.73929,41.79884,0,41.3,39.1,39.7,40.8,39.3,38.9,38.4,39.9,40.5,39.4,38.9,39,38.4,38,39.3,39.6,39.6,39.8,39.6,38.9,38.2,38.2,37.4,38.8,37.7,36.8,36.9,36.1,35,33.6,31.8,29.8,35.6,36.9,37,36.1,35.2,35.8,34.5,33.2,32.6,31.8,30,27.9,25.3,26.9,30.4,28.7,32,31,29.7,33,32.8,34.4,33.2,32.8,33.6,31.7,29.6,29.7,31.7,30.5,27.7,24.8,22.2,23.7,22.7,21,18.6,16.4,15,16.7,16,14.3,13.2,12.3,11.4,11.3,10.7,10.2,9.8,9.2,9.2,10.1,9.7,9.5,9,23,23.8,22,19.9,18.2,16.5,14.6,22.9,21.6,24.5,22.7,20.1,22.8,20.8,18.2,17.2,18,17.3,16.9,16.2,14.2,12.9,13.6,13.2,12.1,11.9,15.6,21.2,20.6,18.4,22.8,23.9,22.9,20.9,18.7,16.8,15.6,21.1,19.1,16.1,14.4,13.1,16.2,14.5,13.5,12.4,12.9,13.6,12.1,11.8,11.4,11,11,10.8,11.9,11.6,11,10.3,10,9.7,9.4,8.8,9,8.4,8.5,8.2,9.9,9.2,8.8,8.5,8.2,8,8.1,10.1,11.3,10.7,10.9,15,17.4,18.8,18.4,17.5,16.3,15.6,14.5,13.8,20.4,20.3,20.4,20.1,21.4,21.4,23.3,22.5,22.2,22,22,23.7,23.9,23.5,25.3,24.9,24.3,24.1,23.8,23.5,23.4,23.3,25,24.5,24.3,24.4,23.9,24.9,24.5,24.9,24.5,24.2,24.2,26.3,26,25.2,25.2,25.4,26.7,25.6,25.3,25.1,25.7,25.2,25.1,24.8,24.9,25.8,25.8,26.3,26.2,25.8,25.7,25.4,25.5,26.6,26,25.8,28.1,26.1,25.9,0,0,0,0,0,0,0,0,0,0,0,0,0,0,0,0,0,0,0,0,0,0,0,0,0,0,0,0,0,0,0,0,0,0,0,0,0,0,0,0,0,0,0,0,0,0,0,0,0,0,0,0,0,0,0,0,0,0,0,0,0,0,0,0,0,0,0,0,0,0,0,0,0,0,0,0,0,0,0,0,0,0,0,0,0,0,0,0,0,0,0,0,0,0,0,0,0,0,0,0,0,0,0,0,0,0,0,0,0,0,0,0,0,0,0,0,0,0,0,0,27.6,27,26.7,28.8,28,27.5,27.1,27.8,27.4,28.7,28.1,27.8,28.8,28.5,27.8,28.9,29.1,28.5,27.8,27.2,26.8,26.3,26.1,25.5,28.7,27.8,27.3,28.5,27.8,27.1,29,28.9,27.7,27,26.2,25,23.7,22.8,22,24.1,23.1,21.9,20.7,19.2,18.6,20.2,19.7,18.7,17.6,17.3,16.9,15.7,15.1,14.4,13.7,13.2,12.7,12.7,13.2,12.3,11.9,11.8,11.6,11.5,10.8,10.7,10.4,10,10.1,9.8,9.5,9.3,9.2,9.2,9.9,10.9,10.4,9.8,10.1,9.8,9.6,9.2,9.3,8.7,8.4,9.8,8.8,8.9,9.4,9,8.6,9,8.3,8.2,8.2,7.6,7.9,7.8,7.5,7.7,11,10.6,10.2,9.8,9.2,9,8.6,8.5,7.6,7.8,8.9,11.6,16.9,15.8,14,13.4,12.3,11.3,15.6,18.2,17.4,15.9,14.7,13.4,14.1,13.9,13.6,13.2,12.5,12,11.3,10.9,10.7,12.4,11.5,18,17.2,18.9,17.1,15.7,14.8,20.2,18.7,17.3,15.8,14.8,13.7,12.7,12.2,12.2,11.7,11.1,10.8,10.9,10.4,10.1,10,9.8,9.3,9.4,9.1,9.3,8.8,8.7,8.7,8.4,9.1,8.5,16.4,17.7,16.9,18.3,17.6,17.2,16.7,15.9,16,15.5,15.2,14.7,14.1,17.9,20,19.8,19.4,21.8,21.2,20.8,20.8,20.6,20.7,20.9,20.7,20.5,21.6,22.2,22.7,23.3,26.6,24.5,24.2,25,24.1,23.8,0,0,0,0,0,0,0,0,0,0,0,0,0,0,0,0,0,0,0,0,0,0,0,0,0,0,0,0,0,0,0,0,0,0,0,0,0,0,0,0,0,0,0,0,29.3,29.3,29.6,29.6,29.6,29.6,31.8,28.9,28.4,28.2,28,27.8,31,28.7,31,29.1,29.5,30.2,29.5,29,28.5,28.2,28.1,27.8,27.7,27.8,27.8,28.6,31,29.5,28.9,28.5,28.4,28.2,28.2,28,27.8,27.5,27.5,27.5,27.7,27.3,27.1,26.6,26.8,27.1,27.5,27.5,28.8,30.1,30.1,29.9,29.3,29.3,29.9,29.7,29.7,29.5,29.9,30.1,30.1,29.7,29.2,29.2,29.9,29.5,29.7,30.6,31.4,31,30.4,30.8,32.6,30.4,29.3,30.8,30.2,30.2,29.5,30,30.4,29.9,29.5,29.1,29.1,28.7,28.6,28.4,28.4,28.5,30.6,29.7,29.5,29,28.9,28.9,30.8,31.1,29.7,29.3,30.6,29.5,29.3,30.4,29.8,29.5,29.1,29,28.7,28.5,28.4,0,0,0,0,0,0
510,-73.73325,41.80126,0,35.1,30.9,30.5,31.3,30.2,29.8,29.6,29.7,29.6,30.3,29.8,29.8,29.6,29.1,32.2,31,32.1,32.3,31.2,30.4,29.9,29.6,29,28.6,28.3,27.6,26.9,26.6,26.1,25.3,24.3,23.1,24.7,28,27.2,26.3,24.8,24.1,23.1,21.9,20.6,19.2,17.7,15.8,14.3,14.3,18.5,15.9,20.4,17.9,15.4,16.8,15.8,17.6,16.4,15.8,16,14.4,12.6,11.8,12.2,11.2,10.3,9.4,9,11.1,9,8.4,7.5,7,6.6,10.3,8,6.7,6,5.9,5.6,5.5,5.4,5.1,5,4.7,4.4,5.8,5.1,4.4,4.6,29.7,20.9,16.5,13.6,11.6,10.1,8.8,23.3,17.4,18.7,14.9,12.3,11.6,11.5,10.1,9.5,9.6,8.7,16.1,10.8,8.9,7.5,7.4,7.3,6.7,6.4,21.9,25,18.9,14.1,21.2,21.3,17.1,13.5,11.7,10.1,9.6,9.5,9.5,9,8.3,7.5,8,7.5,7.2,7,7.1,7.3,6.7,6.6,6.6,6,6.2,5.9,6,5.9,5.6,5.7,5.4,5.4,5.1,4.8,5,4.7,4.7,4.3,4.7,4.1,4.7,4.6,4,4,4.3,5.8,5.2,5.2,5.2,19.6,14.2,0,0,0,0,0,0,0,0,0,0,0,0,0,0,0,0,0,0,0,0,0,0,0,0,0,0,0,0,0,0,0,0,0,0,0,0,0,0,0,0,0,0,0,0,0,0,0,0,0,0,0,0,0,0,0,0,0,0,0,0,0,0,0,0,0,0,0,0,0,0,0,0,0,0,0,0,0,25.4,25.4,27.2,26.9,29.4,29,27.5,27.2,26.5,26.5,27.4,27,26.9,26.5,26.3,26.2,26.2,25.7,27.9,27,26.7,27.2,27,26.5,26.2,26.3,26.1,26.1,25.9,25.9,25.9,30.7,28.6,27.7,27.5,27.2,26.7,26.5,26.7,26.5,26.3,26.2,27,28.6,28.7,27.9,27.3,29,28,29.9,29.1,27.9,27,27.2,27,27.1,27.2,27.1,26.6,26.4,26.4,26.5,26.4,27.4,28,27.6,27.4,27,27,27.5,27.1,27,27,26.9,26.7,26.5,26.4,26.3,25.9,26.9,26.7,26.7,26.2,26.3,33,28.3,28.3,27.7,27.3,29.3,29.4,28.2,27.9,27.4,29.4,28.5,28,27.6,27.4,27.1,27.1,26.8,26.8,26.6,26.6,26.6,29,27.9,27.8,29.6,29.2,27,26.7,26.5,28.4,28,27.3,26.9,27.1,26.8,26.5,27.1,26.6,29.6,27.8,27.3,27.2,29.1,28.3,27.4,26.8,26.7,26.5,26.4,26.3,27.5,27.1,26.7,26.8,26.8,26.6,27.4,29.9,27.7,27.2,26.7,26.3,26,25.3,24.6,25.2,24.5,24,23,21.9,21.4,21.8,20.7,19.7,18.7,18.3,17.6,15.8,14.4,12.7,11.6,10.8,10.1,9.4,11.2,9.7,9.2,8.6,8.1,8.1,7.2,7.1,7,6.7,6.1,6,6,5.9,5.6,5.8,13.6,10.1,7.4,6.7,9.9,7.3,6.6,6.2,5.6,5.2,5.2,6,5.5,5.6,5,5.5,5.1,4.8,4.5,4.8,4.5,4.4,4.5,4.4,4.4,4.4,20.2,14.3,11.5,8.9,7.8,7,6.4,6,5.3,5.2,11.1,19.7,21.6,16.6,13.4,11.9,9.9,8.8,22.1,26.3,22,18.9,15.6,13.6,13.5,12.7,11.7,11.3,0,0,0,0,0,0,0,0,0,0,0,0,0,0,0,0,0,0,0,0,0,0,0,0,0,0,0,0,0,0,0,0,0,0,0,0,0,0,0,0,0,0,0,0,0,0,0,0,0,0,0,0,0,0,0,0,0,0,0,0,0,0,0,0,0,0,0,0,0,0,0,0,0,0,0,0,0,0,0,0,0,0,0,0,0,0,0,0,0,0,0,0,0,0,0,0,0,0,0,0,0,0,0,0,0,0,0,0,0,0,0,0,0,0,0,0,0,0,0,0,0,0,0,0,0,0,0,0,0,0,0,0,0,0,0,0,0,0,0,0,0,0,0,0,0,0,0,0,0,0,0,0,0,0,0,0,0,0,0,0,0,0,0,0,0,0,0,0,0,0,0,0,0,0,0,0,0,0,0,0,0,0,0,0,0,0,0,0,0,0,0,0,0,0,0,0,0,0,0,0,0,0,0,0,0,0,0,0,0,0,0,0,0,0,0,0,0,0,0,0,0,0,0,0,0,0,0,0,0,0,0,0,0,0,0,0,0
513,-73.74296,41.94754,0,0,0,0,0,0,0,0,0,0,0,19,19.4,18.9,18.7,19.6,19.2,19.9,20.1,19.8,19,18.7,18.6,20.9,19.1,19.1,18.9,18.7,18.6,18.3,18.1,18,17.4,19,19.7,19.2,18.5,18.2,18.3,17.9,17.4,17,16.8,16.1,15.3,14.2,15.1,14.8,14.1,16.2,15.4,14.8,16,15.6,17.5,16.9,16.9,17.5,16.6,16,15.3,16,14.9,13.8,12.7,11.7,11.5,11,10.3,9.4,8.5,7.7,11,10.9,10.1,9.1,8.1,7.4,7.1,6.4,5.6,5.2,5.5,7.1,7.9,7.4,6,5.3,9.4,11.2,10.8,9.6,9,7.7,6.8,6.3,5.5,5.2,4.7,4.4,10.9,11.4,11.2,11.8,12.5,13,13.2,13.3,12.5,11.7,11.5,10.8,10.1,9.6,12.5,13.8,13.4,13.4,14.1,15,14.5,13.9,13.3,12.5,12.2,13.9,13.4,12.2,11.2,10.7,14.8,14.4,14.9,14.5,15.2,14.6,14,13.7,13.3,13.3,14.1,13.5,14.1,13.5,13,12,11.5,10.6,10.1,9.5,8.6,7.9,7.2,6.7,7.8,7.7,6.8,6,5.9,5.7,5.6,7.4,9.2,9.1,8.6,12.1,12.5,12.7,0,0,0,0,0,0,0,0,0,0,0,0,0,0,0,0,0,0,0,0,0,0,0,0,0,0,0,0,0,0,0,0,0,0,0,0,0,0,0,0,0,0,0,0,0,0,0,0,0,0,0,0,0,0,0,0,0,0,0,0,0,0,0,0,0,0,0,0,0,0,0,0,0,0,0,0,0,0,0,0,0,0,0,0,0,0,0,0,0,0,0,0,0,0,0,0,0,14.1,14,8.2,10.1,11,10.9,10.6,10.6,11.4,11.5,16.6,15.7,14.8,13.9,11.5,10.5,11.1,12.1,12.2,12.2,12.2,14.6,16,14.1,11.2,12.5,15.8,14.8,15.1,14.7,8.4,4.2,7.6,9.3,11.5,13.2,5,3,3.6,6.7,8.6,13.4,19.5,12,10.9,8.4,8.2,8.5,11.2,9.9,9.5,9.4,8.8,9.1,8.8,8.8,8.5,8.7,9.9,9.7,8.9,9.2,9.3,12.8,10.5,9.7,9.2,9.2,10.2,10.1,10.2,9.8,9.3,10.8,10.5,9.8,9.8,9.7,9.4,9.8,9.7,9.5,9.2,10.2,9.6,10.7,10.2,10.1,13.3,10.7,10.5,9.9,9.7,10.3,10.7,10.2,9.9,10.3,10.2,10,10.3,10.2,11.3,10.5,10.1,9.9,10.9,10.7,10.3,10.2,9.7,9.8,10.3,10.2,11.3,11,10.7,11.6,10.8,10.8,10.4,10.7,10.7,10.7,10.2,10.3,10.3,10.3,12.1,10,10,9.7,9.7,9.6,9.4,9.1,9,8.8,8.3,8.3,8.4,7.7,7.1,7.2,6.3,6.4,5.7,5.1,7.1,6.7,6.8,6.2,6,5,5.2,4.6,4.1,4,3.3,2.8,3.3,3.4,3.5,3.1,4.2,4.1,4,3.7,5,5.8,5.5,5.2,4.5,4,3.6,2.9,3.4,2.5,2.9,2.8,2,2.3,2.2,1.8,1,0.6,0.9,0.9,0.5,0.9,4.5,4.6,4.4,4,3.5,2.7,2.2,1.8,0.9,0.9,0.5,0.5,1.5,2.7,2.3,2.3,1.5,1,1.9,2.4,2.3,2.6,1.5,1.4,0.9,0.5,0.1,0.1,0.4,0.4,0,0,0,0,0,3,4.1,5.6,5.3,4.9,5.1,5.7,5.1,5.4,5.3,4.6,4.2,3.7,3.6,3.6,3.5,3.4,2.6,1.8,1.4,1.7,1.3,0.6,0.9,0.8,0.1,0.4,0,0.4,0,0,0,0,2,5.2,4.9,5.3,5.3,5.3,5,5,5.2,4.8,4.5,4.4,4,3.9,4.6,4.9,4.9,5.6,5.6,5.6,5.3,5.3,5.6,5,5.5,5.2,5,5,5.1,5.4,6.5,6.7,6.9,6.9,6.9,6.9,6.9,7.1,6.6,6.6,6.6,6.6,6.6,7.2,7.9,7.6,7.4,7.8,7.9,7.7,7.4,0,0,0,0,0,0,0,0,0,0,0,0,0,0,0,0,0,0,0,0,0,0,0,0,0,0,0,0,0,0,0,0,0,0,0,8.9,8.6,8.5,8.4,8.2,8.4,8.4,8.8,8.6,9,9,8.5,8.5,8.6,8.4,8.1,8.3,8,8,8,7.8,8.3,8.6,9.1,8.8,8.9,8.7,8.4,8.4,8.4,8,6.7,6.3,7.2,7.9,7.6,5.8,5.7,5.7,5.5,6,6.9,7.5,7.4,7.7,7.7,7.8,7.7,7.7,7.7,7.9,7.4,7.4,7.5,8.2,8.4,8.1,8.1,8.3,8,8,7.8,8.7,8.7,8.6,8.7,9.1,9.1,8.5,8.7,8.5,8.1,7.8,8,8,9.3,10,9.9,9.1,9,8.6,7.3,8.2,8.4,9.9,9.1,8.9,8.8,8.7,8.7,8.9,9.5,9.1,8.6,9.9,9.1,9,8.9,9.1,8.6,8.8,8.7,8.7,8.2,8.2,8.7,8.2,8.1,8.3,8.9,9
515,-73.78043,41.89083,0,0,0,0,0,0,0,0,0,0,0,26.6,26.8,26.3,26.1,26.8,26.5,29,29.5,28.1,27.7,27.1,27.1,26.6,26.5,26.7,26.3,26,25.7,25.2,24.9,24.4,23.8,26.8,27.8,26.5,26,25.3,24.7,24.4,23.9,23.3,22.8,21.9,20.6,19.4,21,20.9,19.6,22.2,20.8,19.5,22.4,20.7,21.8,20.5,20.1,22,19.9,18.2,16.7,17.5,16.6,15.1,13.3,12.3,11.4,10.9,10.3,9.4,8.5,8.4,10.1,9.4,8.5,7.8,7,6.8,6.5,6.4,6,5.7,5.9,10.2,10.9,9.1,7.1,6.3,11.9,13.2,12.3,10.7,9,7.7,6.9,6.5,5.7,5.9,5.8,5.7,12.5,12.7,11.5,10.6,13.2,12.7,10.6,9.4,8.1,6.9,6.5,6.1,5.5,5.7,11.8,13.7,13.2,12.6,16.2,16.8,15.2,14.1,12.5,11.1,10.2,13.9,13.8,11.8,10.8,9.3,13.1,12.5,13.2,12.3,13.3,13.7,12,10.7,9.6,8.7,8.8,8.7,9,8.7,8.6,7.7,7.3,7.2,6.6,6.1,6.1,5.7,5.6,5.3,5.3,5.3,5.3,5.2,5,5.2,4.9,5.9,7,7.3,7.3,10,10.9,11,0,0,0,0,0,0,0,0,0,0,0,0,0,0,0,0,0,0,0,0,0,0,0,0,0,0,0,0,0,0,0,0,0,0,0,0,0,0,0,0,0,0,0,0,0,0,0,0,0,0,0,0,0,0,0,0,0,0,0,0,0,0,0,0,0,0,0,0,0,0,0,0,0,0,0,0,0,0,0,0,0,0,0,0,0,0,0,0,0,0,0,0,0,0,0,0,0,0,19.2,18.7,18.9,18.9,18.8,18.6,18.4,18.6,18.7,21,20.4,19.8,19.4,19.3,19,19.1,19,19,19.1,19.1,19.8,21.9,20.7,20.1,19.6,21.5,20.6,26.3,21.4,20.3,19.8,19.9,19.8,20.1,20.2,19.8,19.5,19.3,19.4,19.6,19.7,21.7,20.7,20.4,20.1,20,20.1,20.6,20.2,20.2,19.9,19.8,19.8,19.7,19.5,19.6,19.4,20.7,20.2,20.1,19.7,20.1,24.1,21.3,21.2,20.7,20.5,21.9,22.1,21.3,20.8,20.7,23.3,21.7,21.4,21,20.8,20.4,20.4,20.4,20.4,20.3,20.8,20.7,21.9,21.3,21,23,22.8,21.6,21.3,21.1,22.3,22.5,21.6,21.2,21.6,21.3,21.4,21.5,21.1,23.8,22.1,21.7,22,23.1,23,22.2,21.7,21.6,21.6,21.3,21.3,22.6,22,21.8,21.8,21.7,21.6,21.3,22,21.5,21.4,21.4,21.3,21.1,20.9,20.5,21,20.7,20.5,20,19.6,19.4,19.2,19.2,18.7,18.4,18.1,17.8,17.2,16.4,15.5,14.8,14.1,13.2,12.6,15.8,15,14.3,13.5,12.8,12,11.2,10.8,9.8,9.6,9,8.2,7.9,8.3,7.8,7.5,8.8,9,8.9,8.7,8.4,8.2,8.3,7.8,7.7,7.4,6.9,7.1,7,6.6,6.5,6.2,6.5,6.5,6.2,5.9,5.6,5.6,5.6,5.3,5.5,5.4,6,7.3,7.5,7,6.9,6.1,6.2,5.8,5.5,5.3,5.5,5,6.8,7.7,7,6.9,6.1,5.9,6.3,6.7,6.7,6,5.4,5.3,5.2,4.9,4.6,4.8,5,4.5,4.5,4.2,3.9,4.1,4.1,5.6,6.4,7.4,7.8,7.9,7.7,8.3,8.8,8.7,8.7,8.4,8.1,7.6,7.5,7.5,6.9,6.8,6.6,6.2,6.4,5.9,5.6,6,5.5,5.9,5.7,5.4,5.4,4.9,4.8,5.1,4.8,4.8,6.3,7.8,7.9,8.6,8.2,8.3,8.3,8.1,7.8,7.7,7.3,7.4,6.9,7.1,7.7,7.8,8.1,8.6,8.4,8.8,8.4,8.7,8.7,8.4,8.4,8.3,8.3,7.9,8.1,8.2,9,9.3,9.7,10.2,10,10,10.1,10,10.4,10.2,10.4,10.4,10.3,11.3,11.3,11.4,11.3,11.7,11.6,11.7,11.7,0,0,0,0,0,0,0,0,0,0,0,0,0,0,0,0,0,0,0,0,0,0,0,0,0,0,0,0,0,0,0,0,0,0,0,16.7,15.6,15,14.8,14.7,14.8,14.5,15.1,16.2,15.7,15.3,15.4,15.6,15.6,15.1,15.2,14.9,14.8,15,14.9,14.8,14.8,15.8,16.1,16,15.6,15.7,15.5,15.2,15.2,15.1,15,15,14.9,15,15,14.8,14.9,14.8,14.5,14.6,14.4,14.6,14.8,14.7,15,14.9,14.8,14.8,14.7,14.7,14.7,14.8,14.9,15.4,15.4,15.4,15.3,15.3,15.3,15.4,15.5,15.7,16.1,16,16.4,16.9,17,16.4,16.6,16.5,16.2,16.1,15.9,15.8,16.8,17.5,17.3,16.7,16.3,16.3,16.3,16.2,16.3,17.8,17,16.8,16.5,16.4,16.4,17.5,17.9,17.3,17,18.3,17.7,17.3,17.1,17.3,17.3,17,17,17,16.9,16.7,16.7,16.7,16.5,16.6,17.1,17.1
516,-73.76864,41.8766,0,0,0,0,0,0,0,0,0,0,0,37.7,38.2,37.7,37.3,37.6,37.9,39.6,40,39.1,38.8,38.2,38,37.5,37.2,37.1,36.7,36.5,36.1,35.9,35.2,34.5,33.5,37.9,38.6,37.6,36.7,35.9,35.7,35.1,34.3,33.3,32.1,30.4,28.3,26,28.3,27.4,25.5,31.3,28.8,26.7,29.3,27.2,28.4,27,26.1,28.8,25.8,23.4,21.1,23.4,20.8,17.9,15.3,13.1,12.3,11,10.6,9.6,9,8.2,14.8,12.6,10.5,8.5,7.7,7.5,7.6,6.9,7,6.9,6.4,15.1,15.3,13.3,10.4,8.3,25.3,23.5,20.4,18,15.9,14.2,12.3,16.7,13.9,14.9,12,9.8,22.3,19.2,16.6,15.4,21,19.3,17.2,15.2,13.7,12.3,11.4,10.1,9.1,8.4,20.9,23.1,19.9,18,26,27.1,25,23.3,21.5,19.9,18.9,26.1,22.7,20.2,18.4,17,23.1,20.1,18.7,17,22.1,21.1,18.2,16.5,15.5,17.6,21,18,22.6,20.5,17.8,15.2,13.5,11.9,10.8,9.9,8.9,8.4,8.2,8,8.1,8.6,8.3,7.6,7.6,7.8,7.1,19.8,17.9,14.9,13.8,24.3,22.3,20.3,0,0,0,0,0,0,0,0,0,0,0,0,0,0,0,0,0,0,0,0,0,0,0,0,0,0,0,0,0,0,0,0,0,0,0,0,0,0,0,0,0,0,0,0,0,0,0,0,0,0,0,0,0,0,0,0,0,0,0,0,0,0,0,0,0,0,0,0,0,0,0,0,0,0,0,0,0,0,0,0,0,0,0,0,0,0,0,0,0,0,0,0,0,0,0,0,0,0,17.8,28.1,28.2,28.4,28.1,27.7,27.5,26.6,17.6,20.8,19.4,18.4,18.2,18.2,18.1,18,17.8,17.8,17.6,17.3,19.1,20,18.9,18.5,18.5,19.6,18.9,18.6,18.9,28.3,25.9,17.5,17.8,18.4,18.1,17.5,15.5,19.9,16.3,17.5,18.7,19.9,18.9,18.5,17.3,17.1,18,18.6,18.1,17.9,17.7,17.5,17.4,17.1,17.1,17.2,17.3,18.3,17.8,17.7,17.7,17.6,20.9,19,18.4,18.3,18.1,18.8,19.4,18.9,18.2,18,19.8,18.6,18.4,18.1,18,17.8,17.7,17.4,17.4,17.4,17.9,17.6,18.9,18.5,18.3,19.6,19.3,18.4,18.3,30.4,18,19.4,18.5,18.5,18.4,18.5,18.2,18.5,18.1,20,19.1,18.4,18.7,19.5,19.1,18.6,31.7,31.5,18.4,18,17.7,32.3,18.9,18.3,18.4,18.4,18,17.7,18.4,18.2,18.1,18,17.8,17.9,17.8,17.7,17.9,17.5,17.6,28.2,17.3,17.7,29.6,28.8,28.4,27.6,27.1,26.2,22.6,25.2,23.8,22.7,14.2,17.5,17.9,26.6,24.9,22.9,19.9,16.1,17.1,15.4,14.2,12.8,11.5,10.4,9.8,11.1,17.3,13.1,10.7,22.9,20,16.8,17,20.3,18,17.3,13.3,10.4,9.2,8.6,8.7,8.3,8.3,8.9,8.4,7.7,7.3,7.2,7.1,6.9,6.8,6.8,7.1,6.6,6.9,18.4,17.7,16.1,14.5,13.3,12,10.9,10.2,9.2,8.5,9.7,17.1,23.4,20.5,18.1,16.5,14.9,13.5,22.4,22,19.4,16.4,13.9,12,10.9,23.4,19.5,16.1,13.4,11.3,9.7,8.5,8,10.4,8.3,25,22,25.5,22.5,20.2,18.8,28.7,25.5,23.6,21.8,20.5,19,18,17.1,16.7,15.5,14.8,14.2,13.2,12.7,12.1,11.8,11.1,10.9,10.3,9.9,9.4,9.3,8.8,8.4,8.6,9.5,9.7,32.3,26.5,25,25.1,24.2,23.2,22.3,21.9,21,20.3,19.7,19.3,18.7,22.7,26.4,24.2,22.8,28.6,26.9,25.7,25,24.3,23.9,23.3,23,22.7,23.9,24,24.2,27.4,31.4,30.3,29.6,30.9,29.8,29.1,28.8,28.5,28.3,28.1,28.1,27.9,27.7,31.1,30.7,30.5,29.8,32.2,30.3,29.8,29.5,0,0,0,0,0,0,0,0,0,0,0,0,0,0,0,0,0,0,0,0,0,0,0,0,0,0,0,0,0,0,0,0,0,0,0,38.6,32.9,31.4,31,30.8,30.6,33.5,31.7,35.1,32.6,31.7,31.4,31.2,31,30.6,30.4,30.3,30.1,29.9,30.1,30.1,30.2,35.2,33.2,31.9,31.2,31,30.6,30.4,30.6,30.1,29.2,28.9,29.4,29.4,29.2,28,26,25.4,26.5,27.5,28.5,29,29,29,29.2,29.1,29.3,29.3,29.3,29.1,29.1,29.3,27.8,31.1,30.7,30.5,30.4,30.3,30.4,30,31,33,31.9,31.5,34.5,39.1,34.9,32.4,32.3,31.9,31.3,30.8,30.6,30.3,34.2,37.6,34.6,32.7,31.8,31.1,29.5,30.1,30.3,34.3,32.2,31.6,31.2,30.9,30.7,32.1,33.7,31.7,31.1,34.1,32.4,31.5,32.1,31.6,31.2,31.1,30.7,30.6,30.4,30.2,30,29.9,29.9,30.4,32,30.7
517,-73.66515,41.81892,0,0,0,0,0,0,0,0,0,0,0,27.8,27.8,27.5,27.3,31,29.4,30.4,30.4,29.7,29,28.5,28.5,28,27.7,27.4,27.1,27.2,26.7,26.4,26,25.5,24.8,27.2,28.5,27.9,27,26.5,26.3,26,25.7,25.1,24.8,24.1,23.4,22.3,22.5,22.5,21.5,24.2,23,21.9,24.8,23.5,24.4,23.7,23.5,24.1,22.9,21.9,21.1,21,19.9,19,17.6,16.9,16.4,15.2,14.8,13.3,11.9,11.3,10.8,10.6,10.5,9.9,9.1,9.1,8.8,8.7,8.3,7.9,7.6,7.6,7.6,7.6,7.5,7.4,13.7,14.3,13.8,13.4,12.7,11.8,10.6,15.4,16,16.4,16.4,16.4,17.6,17.8,17.8,17.7,17.6,17.5,17.5,17.4,17.2,17.1,17,17.1,16.8,17,18.4,20.5,19.6,19.2,20.7,21.8,21.1,20.7,20.4,20.1,20.1,21.4,20.4,19.9,19.6,19.4,20.2,19.8,19.4,19.1,21.2,19.7,19.1,18.9,18.8,18.5,18.5,18,19.3,18.4,18.2,17.7,17.4,16.9,16.3,15.8,15.4,14.6,14.5,14.2,17.6,16.2,15.1,14.5,14.2,14.1,13.8,19.5,18.3,16.8,16.3,23.6,20.2,21.7,19.6,19,18.7,18.4,18.3,18.2,24.5,23.1,0,0,0,0,0,0,0,0,0,0,0,0,0,0,0,0,0,0,0,0,0,0,0,0,0,0,0,0,0,0,0,0,0,0,0,0,0,0,0,0,0,0,0,0,0,0,0,0,0,0,0,0,0,0,0,0,0,0,0,0,0,0,0,0,0,0,0,0,0,0,0,0,0,0,0,0,0,24.5,25.4,24.7,24.2,24.2,24.1,24,23.7,23.9,25.3,24.7,24.8,25,24.6,24.3,24.1,24,24,23.6,23.4,23.3,23.4,27.6,26.1,25.2,24.9,24.6,24.3,24.1,24.3,24.1,24.1,24.1,26.8,26.9,25.9,25.1,24.7,27.2,26,27.6,26.4,25.3,24.5,24.6,24.8,25.4,24.9,24.6,24.1,24.3,24.1,24.1,24.5,32.1,25.9,25.1,24.8,24.5,24.6,26.1,25.1,24.8,24.5,24.4,24.4,24.1,24,24.1,23.9,24.8,24.5,24.1,24,23.9,31.7,25.9,26.2,25.4,25.1,25,26.5,25.7,25.3,25.1,27.4,26.4,26.1,25.4,25.1,25,25.1,24.9,24.8,24.4,24.9,24.6,26.1,25.4,25.2,27.9,26.4,25.7,25.4,25.1,25.5,25.9,25.4,25,25.4,25,24.8,25.3,24.8,27.8,26.3,25.4,26,27.8,26.5,25.6,25.2,25,24.8,24.7,24.5,26.3,25.4,25.1,25.2,24.9,24.5,25.5,26.8,25.5,25,24.7,24.6,24.1,23.8,23.4,23.3,23,22.7,22.1,21.4,22.7,24.4,22.2,21.5,21.2,20.6,20.5,19.5,19,18,17,16.1,14.6,13.6,16.2,13.8,13.2,12.1,11.8,10.7,10.2,9.5,9.5,9.1,8.8,8.2,8.1,8.3,7.8,7.7,9.7,10,9.4,9.2,15.2,15.2,16.3,14.7,12.8,11.3,10.8,10.9,10.7,11,15.9,14.7,12.3,11.3,10.6,10,9.7,9,8.7,8.4,7.8,8,10.6,10.5,9.8,8.6,8.4,8,7.7,7.6,7.5,7.3,8.4,8.5,14.4,13.6,12.3,11.5,10.2,9.4,14.8,16.1,15.6,14.8,13.7,12.8,13.1,12.7,12.1,11.9,11.2,10.1,9.6,9.4,9,10,10.1,15.4,15.3,16.6,16,15.8,15.5,18.3,17.6,17.4,17.1,16.7,16.3,16.2,16,16.2,15.7,15.6,15.3,15,14.9,14.6,14.2,14,13.4,13.3,12.8,12.5,11.8,11.7,11.1,11.1,11,10.9,19.6,18,18,18.1,18,17.8,17.7,17.5,17.3,17.2,17,17,16.9,17.5,18.5,17.6,17.3,19.8,18.6,18.3,18.3,18.2,18.1,17.9,17.9,17.8,17.8,17.9,17.8,19.5,22.2,21.1,20.6,21.5,21,20.5,20.1,20,0,0,0,0,0,0,0,0,0,0,0,0,0,0,0,0,0,0,0,0,0,0,0,0,0,0,0,0,0,0,0,0,0,0,0,0,0,0,0,0,0,0,0,0,0,0,0,22.4,28.1,23.4,22.8,22.5,22.5,22.2,27.1,23.1,26,23.2,22.7,23.2,23.4,22.7,22.5,22.1,22,22,21.9,21.7,21.7,22.6,27.6,24.2,23.2,23,22.6,22.3,22.3,22.2,22.2,21.9,21.7,21.7,21.7,21.5,21.4,20.6,20.6,21.2,21,21,21,20.9,21,20.4,20.5,20.2,20.2,20.4,20.1,20.2,20.2,20.3,24.7,22.9,22.2,22.1,22.2,22.1,21.8,22,24,23.7,23.2,24.4,26.9,24.7,23.3,23.8,23.3,22.8,22.5,22.4,22.1,24.9,26.2,25.1,23.6,23.1,22.8,22.5,22.5,22.4,25.2,23.6,23.2,22.9,22.9,22.7,24.1,24.2,23.1,22.8,24.9,23.6,23.1,23.6,23.4,22.9,22.6,22.6,22.4,22.1,22.1,21.9,22,21.8,21.6,22.5,0
518,-73.64758,41.86077,0,0,0,0,0,0,0,0,0,0,0,31.5,32,31.5,31.3,31.7,31.4,32.7,33.3,32.8,32.4,31.9,31.8,31.4,31.2,30.8,30.7,30.6,30.3,29.9,29.6,29.1,28.6,30.8,31.3,30.8,30,29.1,29.4,28.7,28.2,27.3,26.3,24.7,22.9,20.9,22.9,22.1,19.8,24.4,22.2,21,23.8,22.1,22.4,21.5,21.1,22.7,20.3,18.3,17.1,18,16.2,14.7,13.2,12.1,11.7,10.8,10.2,9.5,8.6,8,8,8,7.4,6.7,6.1,5.7,5.6,5,4.9,4.6,8.3,9,7.1,5.4,4.6,4.2,12.1,13.2,11.5,9.8,8.4,7.7,6.9,6.6,5.7,6.6,5.9,5.2,12,10.5,8.9,8.2,7.8,6.9,6,5.8,5.2,4.3,4.5,4.2,3.8,3.8,4,8.8,8.1,7.3,11.4,14.6,12.1,10.7,9.1,8.1,7.5,13.9,10.9,8.6,7.2,6.2,13.1,11,14.3,11.9,14.9,13.5,11.6,10.2,9.7,9,9.5,8.6,9.7,9.7,8.6,7.2,7,6.4,5.6,5.4,4.8,4.3,4.3,4.5,3.8,4.3,3.8,3.8,3.4,3.5,3.3,3.7,5,5.1,5.8,13.6,12.8,0,0,0,0,0,0,0,0,0,0,0,0,0,0,0,0,0,0,0,0,0,0,0,0,0,0,0,0,0,0,0,0,0,0,0,0,0,0,0,0,0,0,0,0,0,0,0,0,0,0,0,0,0,0,0,0,0,0,0,0,0,0,0,0,0,0,0,0,0,0,0,0,0,0,0,0,0,0,0,21.9,21.6,25.5,23.7,23.2,22.7,23.1,24.2,23.2,23.1,22.9,22.9,22.5,22.2,22.8,22.5,23,22.8,22.8,23.9,22.6,20.6,20.5,21.1,20.6,20.1,20,20.3,20.6,24.6,23.7,23.5,23.2,22.7,22.4,22.7,22.9,22.9,22.9,21.6,25,24.9,23.1,22.4,22.8,24.2,23.8,24.2,23.7,22,21.7,22,22.5,23.4,22.9,21.8,21.5,21.7,21.9,23.2,23.9,28.5,23.7,23.2,22.6,22.8,23.5,24.3,23.5,23.4,23.2,22.9,23.7,23.4,23.4,23.4,23.9,24.1,23.8,23.5,23.5,23.5,28.6,24.9,24.3,24,23.9,24.3,24.5,25,24.8,24.6,26.2,25.2,25.4,24.7,24.8,25.1,25,24.5,24.5,24.5,25.8,24.7,25.4,25.1,24.9,28,25.9,25.4,25.4,25.3,0,26,25.5,25.5,25.8,25.3,25.7,25.7,25.2,26.8,26.2,25.7,26.7,27,26.4,25.9,25.7,25.7,25.5,25.4,25.4,26.4,25.7,25.4,25.6,25.1,24.9,25.1,26,24.9,24.8,24.6,24.4,24.1,24,23.7,23.5,23.4,23.2,22.7,22.2,22.3,23.4,22.4,21.9,21.6,21.3,20.8,19.9,19.2,18.2,17.5,16.3,15,13.9,16.3,14.6,13.6,12.7,12,11,10.2,9.6,8.8,7.9,7.5,7.3,6.5,6.4,6.1,6,8.3,8.5,7.7,10.9,15.8,13,11.9,9.9,8.4,7.6,7,6.8,6.6,7.5,7.6,6.9,6.3,6.1,5.5,5.4,4.9,4.5,4.2,4.4,4.1,4,4.1,4.2,4.2,3.9,3.8,3.5,3.1,3.4,3,2.7,2.7,3.3,3.4,4.4,4.3,4.8,4.5,4.2,4.1,4.7,4.6,5.1,5.1,5.1,4.8,4.5,4.7,4.1,4.1,3.8,3.5,3.1,2.8,2.7,3,6.2,7.5,8.8,9.1,8.6,8.4,12.9,13.2,11.8,11.2,10.3,9.2,8.6,8,8.2,7.8,7.1,7.2,6.6,6.8,6.5,6.2,6.1,5.6,5.5,5.2,5.4,5.2,4.9,4.8,4.2,4.1,4.4,14.8,14.4,12.6,12.8,12.1,11.3,11,10.6,9.9,9.5,9.2,9.1,8.5,8.5,12.7,12.4,11.7,13.9,13.7,13,12.8,12.3,12.2,11.9,11.7,11.6,11.7,12.2,12.2,13.7,16.3,16.4,16.8,17.2,17.2,17.2,17.2,17,0,0,0,0,0,0,0,0,0,0,0,0,0,0,0,0,0,0,0,0,0,0,0,0,0,0,0,0,0,0,0,0,0,0,0,0,0,0,0,0,0,0,21.9,22.1,22.1,21.9,22.1,22.1,24.7,23.3,23,23,23,22.8,24.8,23.2,24.2,23.3,23.1,23.2,23.2,23,23,22.8,22.9,22.7,22.5,22.7,22.7,22.7,24.4,23.7,23.4,23.3,23.1,23,22.8,22.8,22.5,20.1,19.8,19.8,20.1,20.1,18.2,13.5,12.3,13.7,17.3,19.4,21,21.2,21.5,21.7,21.6,21.8,21.9,22.3,22.4,22.4,22.6,22.7,26.7,25.6,25,25,24.8,24.5,24.7,24.7,25.4,25.3,25.1,26,28.7,27.3,26.1,26.3,26.2,26,25.9,25.7,25.7,27.6,30.9,32.8,29.1,28.4,27.6,27.3,27.3,27.5,29.8,28.1,28.1,27.8,27.5,27.2,28,29.4,27.2,27.1,28.8,28.1,27.9,28,27.9,27.7,27.5,27.2,27,26.9,26.6,26.3,0,0,0,0,0
519,-73.63094,41.71343,0,0,0,0,0,0,0,0,0,0,0,34.9,35.3,33.9,33.4,36.9,36.4,36.5,36.5,35.4,34.3,33.8,33.6,32.9,32.9,33.2,32.7,32.5,32.2,31.8,31.3,30.6,29.9,32.8,34.7,34,32.9,32.4,32,31.5,31.1,30.8,30.3,29.8,28.9,27.9,33.4,30.3,29,31.2,30.2,29.8,31,34.6,33.1,32.2,31.8,31.6,30.4,29.6,28.9,32.7,30.4,29.3,28.5,27.8,27.2,25.8,24.9,23.4,21.8,20.3,21.7,19.2,18.2,16.7,15.4,14.9,14.6,13.8,12.8,11.8,11.5,12.2,19.2,15.7,13.6,12.2,31.1,24.2,20.7,18.3,16.5,15.2,14.1,13.2,12.4,12.7,12,11.4,20.3,16.6,14.5,16.6,18.7,18.8,14.4,13,11.9,11.1,12,14.4,12.3,19,24.4,25.8,21.8,23.4,27.3,27.5,26.3,25.3,24.1,22.9,21.9,24.6,21.5,19.9,18.4,17.3,23.3,20.7,19.2,18,25.8,22.2,20,19,18.3,18.2,18.6,16.9,22,18.5,16.7,15.4,14.9,14.2,13.6,13,12.3,11.7,11.5,11.2,20.1,16.4,14.5,13,12.3,12.5,12.1,23.1,18.6,17.3,16.5,26.7,22,23.9,0,0,0,0,0,0,0,0,0,0,0,0,0,0,0,0,0,0,0,0,0,0,0,0,0,0,0,0,0,0,0,0,0,0,0,0,0,0,0,0,0,0,0,0,0,0,0,0,0,0,0,0,0,0,0,0,0,0,0,0,0,0,0,0,0,0,0,0,0,0,0,0,0,0,0,0,0,14.3,18.7,21.5,38.7,31.2,29.8,28,28,30.1,28.8,28.6,27.9,27.8,26.3,23.4,25.8,26.5,28.1,27.5,27.3,27.3,26.2,17.9,15.1,16.2,12.1,8.1,6.5,7.3,8.8,12.5,14.6,15.5,16.6,12.3,6.1,8.1,9.8,12.4,14.6,18.2,22.3,21.7,19.2,18,17.5,19.6,18.3,18.5,18.1,13.8,8.5,7.2,7.6,8.6,10.5,5.2,2.6,3.3,3.5,5.4,8.9,19.1,14.7,13.1,11.7,11.2,12.3,12.8,13.3,13.2,13.2,12.4,12.9,12.8,12.4,12.7,12.1,13.2,13.1,12.5,11.8,12.5,19.4,11.8,13.9,13.1,13.1,11.5,13.4,13.5,13.4,13.3,13,12,11.8,13.4,13.2,11.1,13,13.1,13,12.6,11.2,12.8,13.9,13.5,13.3,18.7,14.2,13.8,13.5,12.3,11.7,11.4,12.6,12.5,13.1,12.8,11.8,11.7,12.8,13.3,12.1,13.1,11,14.5,13.1,12.5,12.6,12.3,12.5,11.9,12.2,12.5,12.9,12.4,12,12.4,12.1,12.8,13.6,13,12.7,12.4,12.3,12.2,12.1,11.6,13.7,13.1,12.7,12.4,12.3,12.1,12.6,12.2,11.9,11.4,11.5,12.9,12,11.6,11,10.3,9.6,8.8,8.6,8.6,8.5,8.3,7.6,7.4,6.8,6,5.9,5.6,5.4,4.9,4.2,3.7,3.2,3.1,4.9,7.2,6.7,5.8,6.4,7.9,6.1,9.3,6.9,6.1,5.2,4.8,7.3,6.3,12.5,8.3,6.9,6.1,5.3,5.1,5,4.6,4.2,4.4,3.4,3.2,2.4,6.8,5.6,4.4,4.1,2.8,2.3,2.5,2.1,1.3,0.8,4.1,12.4,7.9,6.3,5.6,5.3,4.9,3.7,7,9,6.9,6.3,5.4,4.3,4.9,4.2,4,3.2,3.1,2.7,2.2,2.5,1.7,1.4,1.3,8.2,7.8,8.4,7.1,6.3,5.5,11.6,8.2,6.8,5.9,5.7,4.7,4.4,3.7,3.3,3.5,2.7,2.3,2.2,1.8,1.7,1.3,2,1.9,1.5,1.5,1.1,1.1,1.4,0.7,1.4,4.3,4,14.2,8.4,7.7,7.7,6.9,6.8,6.3,6.1,6.5,6.4,6,5.4,5.3,13.3,9.6,8.1,7.4,12.1,9.2,8,7.9,7.6,7.9,7.6,7.6,7.5,7.5,7.5,7.2,9.3,24.7,13.5,12.9,14.3,12.6,12.5,0,0,0,0,0,0,0,0,0,0,0,0,0,0,0,0,0,0,0,0,0,0,0,0,0,0,0,0,0,0,0,0,0,0,0,0,0,0,0,0,0,0,0,0,0,0,0,0,0,12.9,26.5,16.4,15.2,14.5,14.8,14.1,20.9,14.9,22.7,15.4,15,14.9,15.1,14.7,13.8,11.8,11.2,8.3,5.6,5.8,5.2,6.3,14.2,10.8,11.3,10.3,10.4,9.6,9.6,10,8.8,3,1.9,2.4,2.5,1.6,0.6,0.6,0.6,1.5,2.1,2,2.8,2.2,3,3.1,3.7,4.2,4.8,5.1,6.4,6.3,7.7,7.8,15.6,13.5,12.5,12.3,12.2,12.3,8.5,10.5,12.8,12.2,11.7,10.2,12.8,13,11.9,11.7,11.6,11.4,11.1,10.8,11.1,12.9,14.4,16,12.9,12.1,10.7,10,9.4,10.5,12.8,11.2,11.1,11,11,10.9,11.7,10.2,11.2,11.1,12.3,11.2,10.9,10.4,10.9,10.8,10.9,10.5,10.7,10.8,10.4,10.1,10.1,10.4,9.3,10.7,10.8
520,-73.62103,41.84286,0,0,0,0,0,0,0,0,0,0,0,0,37.2,36.9,36.7,38.3,37.9,38.8,38.8,38.3,37.8,37.4,37.2,36.8,36.3,35.9,35.6,35.3,34.9,34.4,34.1,33.4,32.9,35.3,36.3,36.3,35.9,35.5,35.3,35.1,34.5,34,33.5,33,32.3,31.5,31.9,31.8,31,33.2,32.7,31.8,33.4,32.7,32.8,32.5,32.3,32.6,31.7,30.7,29.8,29.9,28.8,27.6,26.3,25.4,24.9,23.8,23,21.9,20.3,19.2,21.1,19.8,18.7,17.7,16.2,15.5,14.5,13.8,12.8,12.2,11.4,11.1,11.4,11.4,10.4,10.3,25.1,24.8,23.4,21.8,20.2,18.8,17.1,19.9,18,17.3,16,14.5,30.6,29.3,27.5,26.6,25.9,24.8,23.3,22.2,20.9,19.4,18.9,18.2,17,16,15.9,22.2,20.7,18.6,22.9,29,27.5,26,24.7,23.1,22,22.4,21.5,19.9,18.4,16.9,21.5,21.2,22,20.9,20.8,21.3,20,18.9,18.2,16.9,16.8,16.1,15.9,14.8,14.3,13.1,12.4,11.8,11.2,10.8,9.9,9.6,9.3,9.2,8.9,8.7,8.7,8.5,8.5,8.5,8.2,8.2,8.4,8.5,8.6,9.2,12.9,0,0,0,0,0,0,0,0,0,0,0,0,0,0,0,0,0,0,0,0,0,0,0,0,0,0,0,0,0,0,0,0,0,0,0,0,0,0,0,0,0,0,0,0,0,0,0,0,0,0,0,0,0,0,0,0,0,0,0,0,0,0,0,0,0,0,0,0,0,0,0,0,0,0,0,0,0,0,0,33.9,33.8,36.4,35.6,35.1,34.7,34.3,34.2,35.1,34.5,34.5,34.1,33.8,33.4,33.8,33.3,34.3,34,34,34,33.8,33.2,33,33,32.7,32.3,32.1,32.3,33,36.1,35.4,35.2,34.7,34.3,33.9,33.9,33.9,33.9,33.8,33.6,34.1,36,35.3,34.7,34.5,35.8,35.2,36.8,36,34.7,34.1,34.1,34.1,34.3,34.3,33.9,33.4,33.4,33.6,33.9,33.8,36,35.1,34.7,34.2,34.3,34.2,34.3,34.2,34,33.8,33.8,33.6,33.3,33.1,33.1,33.2,33.6,33.4,33.3,33.3,33.1,36.6,34.9,34.6,34.5,34.2,34,35.3,34.8,34.4,34.2,35,34.9,34.7,34.4,34.2,34,34,33.7,33.5,33.4,33.8,33.7,34.9,34.4,34.2,34.3,35,34.6,34.4,34.2,34.8,34.9,34.6,34.2,34.5,34.3,34,34.5,34.1,35.3,34.9,34.6,34.7,35.5,35,34.5,34,34,33.8,33.6,33.4,34.3,34.2,33.9,34.1,33.9,33.6,33.4,34.8,34.2,33.8,33.4,33.2,32.8,32.5,32,31.6,31.3,30.9,30.4,29.7,30.2,30.8,30.2,29.7,29.2,28.9,28.4,27.8,27.2,26.4,25.9,25.1,24.1,23.2,24.2,23.2,22.8,22.1,21.6,20.9,19.9,19.4,18.7,17.9,17.2,16.3,15.5,14.8,13.9,13.5,13.8,14.3,14.1,14.4,14.1,14.4,16.3,15.6,14.6,13.6,13.2,13.2,12.9,12.9,14.3,14,13.2,12.3,12.2,11.3,11.2,10.8,10,9.4,9,8.9,8.7,8.9,8.7,8.4,8.6,8.1,8,8,7.6,7.6,7.6,8,12,13.7,13.5,13.1,12,10.8,13.2,21,19.8,17.7,15.5,13.6,13.1,12.3,11,10.4,9.8,8.8,8.6,8.2,7.7,7.9,7.8,27.1,24.1,25.9,23.6,21.5,20.3,30.8,29.1,27.2,25.2,23.1,21.5,20.2,18.6,18.1,17.2,16,15.1,13.6,12.8,12,11.4,10.8,10.2,9.7,9.5,9,8.9,8.7,8.4,8.4,8.2,8.1,31.3,27.5,24.7,23.8,22.5,21.5,20.5,19.6,18.8,18,17.4,16.6,16.2,16.4,24.1,22.5,21.6,26.4,24.8,23.9,23.1,22.8,22.5,22.1,22,21.7,21.5,21.5,21.5,26.5,33.5,32.4,32.3,32.4,32.1,31.9,31.4,31.1,0,0,0,0,0,0,0,0,0,0,0,0,0,0,0,0,0,0,0,0,0,0,0,0,0,0,0,0,0,0,0,0,0,0,0,0,0,0,0,0,0,0,0,0,0,0,0,33.1,35.5,34,33.6,33.2,33.1,32.7,33.4,33.4,34.9,34,33.6,33.4,33.4,33.1,32.9,32.7,32.5,32.2,32,32,32,32.1,34.3,34.5,33.9,33.4,33.4,33,32.9,32.7,32.1,31.4,31.3,31.3,31.4,31.4,30.6,30.1,29.9,30,30.2,30.2,30.4,30.4,30.7,30.6,30.6,30.7,30.7,30.7,30.7,30.6,30.6,30.7,31.9,31.9,31.9,31.9,31.9,31.9,31.8,31.9,33.4,33.5,33.3,34.1,35.8,34.5,33.6,33.6,33.4,33,32.5,32.5,32.5,33.6,33.7,34,33.6,33.4,33.1,32.7,32.7,32.9,34.7,33.9,33.6,33.3,33.1,32.9,33.3,33.2,33,32.7,34.1,33.5,33.2,33.1,33.2,33.1,32.9,32.6,32.4,32.2,32.1,31.9,31.6,31.6,31.6,32.5,0
521,-73.51102,41.76746,0,0,0,0,0,0,0,0,0,0,0,0,29.6,28,27.4,30.5,29.1,30.4,30.7,29.6,28.5,27.6,27.3,26.7,26.7,26.5,26,25.7,25.5,25,24.9,24.4,23.9,26.8,27.4,26.9,25.9,25.2,25.2,24.9,24.3,24,23.8,23.2,22.5,21.8,25.7,24.5,23.3,25,24,22.8,24.4,27.3,26,24.6,24.1,25,23.6,22.4,21.4,21.6,20.2,19.1,17.6,16.5,16.2,14.9,14.4,14,12.9,12.6,12,11.8,12.2,11.4,10.9,10.8,10.6,9.9,9.8,9.4,9.2,8.7,8.8,8.9,8.6,8.2,13.3,15.2,13.8,12.4,11.1,10.3,9.6,12.8,11.7,11.7,10.2,8.8,14,12.8,11.4,10.7,9.8,9.1,8.6,8.3,7.7,7.6,7.7,7.9,7.3,10.6,12.9,15.5,14.6,14.7,19.4,19,17,15.7,13.8,12.6,12.2,16.1,15.2,13,11.7,10.8,17,15.8,18.9,16.8,21.9,18,15.8,15.4,14.6,12.9,13.2,13.1,17.9,16.9,15.1,13.3,12.7,11.8,11.4,10.7,10.3,9.7,9.8,9.5,14.3,12.3,11,10,9.5,10.4,9.4,14.6,14.7,13.6,13.4,18.2,17,20,17.4,0,0,0,0,0,0,0,0,0,0,0,0,0,0,0,0,0,0,0,0,0,0,0,0,0,0,0,0,0,0,0,0,0,0,0,0,0,0,0,0,0,0,0,0,0,0,0,0,0,0,0,0,0,0,0,0,0,0,0,0,0,0,0,0,0,0,0,0,0,0,0,0,0,0,0,0,24.9,26,25.1,33.7,28.6,27.1,25.5,25,26.9,25.3,24.1,23.8,23.3,22.8,22,23,22.6,24,23.2,22.8,27,23.3,20.8,19.7,21.1,17.3,13.7,13.1,14.1,16.1,27.2,26.9,26.2,25.4,24.4,22.7,22.7,22.8,23,23.6,23.8,29.9,29,26.8,24.4,24.2,30.3,27,30.4,27.7,23.6,13.6,16.8,20.3,23.8,23.5,20.9,13.5,15.2,17.5,21.6,28.5,41.2,25.8,24.2,22.8,22.8,24.1,27.2,24.2,23.5,23.2,22.8,22.8,22.5,22.3,22.1,25.1,24.1,23.3,22.7,22.4,22.8,38.3,25.7,24.7,23.8,23.7,26.1,26.1,24.8,24,23.7,28.5,25.3,25,24,23.6,24.1,24.3,23.4,23.1,22.8,25,23.2,25.1,23.9,23.5,33.5,27.3,25.2,24.4,24,27.6,26.8,25,24,26.1,24.6,25,25.1,24.1,27.8,26,24.5,24,30,25.9,24.8,23.9,23.5,23.3,23.2,22.8,25.9,24.1,23.7,23.6,23.2,22.9,26.3,28.6,24.7,23.8,23.3,22.8,22.3,21.9,21.4,21.7,21.1,20.9,20.3,19.4,19.5,19.1,18.1,17.4,17.3,17.2,17,15.5,14.8,15.2,14.5,13.6,12.9,12.3,13.2,12.4,12.2,11.6,11.2,11.1,10.6,10.8,10.4,9.7,9.5,9.4,9.3,8.7,8.4,8.3,14.6,13.1,11.5,14.3,17.7,14.3,18.5,14.4,11.8,10.7,10.1,10.8,10.1,21.5,16.8,13.1,11,10.1,9.5,9.3,9.1,8.7,8.4,8.1,8,7.7,14.8,11.7,9.5,8.6,8,7.6,7.5,7.2,6.9,6.8,7.1,6.9,17.2,13.1,11.2,10.1,8.5,8,7.6,9.7,8.6,7.9,7.5,7.1,7.4,7.1,7.1,6.9,6.8,6.8,6.5,6.4,5.9,6.4,6.4,14.2,13,14.9,13.5,12.1,10.7,15.9,14.4,12.5,10.9,10.1,9.4,8.7,8.6,8.3,7.9,7.6,7.6,7.4,7.2,7.4,7.3,6.5,6.9,6.6,6.1,6.4,6.6,6.1,6.3,6.3,6.6,6.6,16.5,14.6,13.7,14,13.4,12.5,11.9,11,10.6,10.3,9.8,9.5,8.8,9.2,14.9,14.3,13.5,16.8,15.8,14.9,14.6,14.2,14,13.5,13.7,13.4,13.5,13.7,13.8,16.2,21.1,18.8,18.9,19.4,18.8,18,17.6,17.5,17.1,17,16.6,0,0,0,0,0,0,0,0,0,0,0,0,0,0,0,0,0,0,0,0,0,0,0,0,0,0,0,0,0,0,0,0,0,0,0,0,0,0,0,0,0,0,0,0,18.6,28,22.1,20.6,19.9,20.3,19.7,24.2,20.8,24.4,21.1,20.4,20,20.2,20,19.4,19,17.4,10.9,10.5,11.8,12.3,15,22.7,27.3,23.9,23.1,22.3,21.1,20.7,20.7,12.6,9.1,9.2,9.6,10.2,9.7,9.2,8.9,9,10.1,10.4,10.6,11.1,11.4,11.5,11.5,11.4,11.3,11.3,11.5,11.3,11.5,11.8,12.7,23.5,22.3,22.4,21.5,21.1,20.8,20.4,20.4,24.1,22.8,21.8,23.9,27.5,24.9,22.9,22.8,22.5,21.8,21.2,21,20.7,23.1,25.7,27.6,24.1,23,22.2,21.7,21.5,21.6,25.6,23.4,22.6,22.1,21.8,21.5,23.7,23.3,21.9,21.6,23.4,22.1,21.8,22.9,22,21.7,21.3,21.2,21,20.8,20.8,20.4,20.5,20.2,20.8,21.1,20.6
522,-73.51743,41.75289,0,0,0,0,0,0,0,0,0,0,0,0,31.8,30,29.2,32.7,31.2,32,32.4,31,30.1,29.3,29,28.5,28.4,28.2,27.6,27.2,26.8,26.2,25.3,24.5,23.2,26,28.2,28.1,26.7,25.6,25.9,24.9,24.4,23.5,22.8,21.6,20.2,18.7,25,21.6,20,22.2,21.1,19.6,22.5,26,24.6,23.3,23.1,23.2,21.6,19.8,18.5,19,17.6,16.1,14.5,14,13,11.7,10.9,10.9,10.1,9.6,9.3,9,9,8.6,8.4,8.3,8,7.9,7.6,7.4,7.2,7.2,7.5,7.3,7.5,7.1,8.7,10.5,10,10,9.3,8.6,8,8.3,7.9,8.1,7.7,7.6,7.6,8.5,8.5,8.1,8.5,8.3,8,7.6,7.6,7.4,7.6,7.4,7.1,7.4,8,8.5,8.6,9,11,12.5,12.1,11.5,10.8,10.1,9.6,11,10.5,9.6,9,8.5,12.3,11.3,13.4,12.3,13.8,12.3,11.5,11.1,10.6,12.2,10.9,9.9,12.6,11.5,10.4,9.7,9.5,9.2,8.8,8.7,8.1,7.8,8,7.5,8.6,8.3,8.3,7.9,7.9,8.2,7.8,8.5,8.5,8.9,8.9,11.7,12.2,15,13.4,0,0,0,0,0,0,0,0,0,0,0,0,0,0,0,0,0,0,0,0,0,0,0,0,0,0,0,0,0,0,0,0,0,0,0,0,0,0,0,0,0,0,0,0,0,0,0,0,0,0,0,0,0,0,0,0,0,0,0,0,0,0,0,0,0,0,0,0,0,0,0,0,0,0,0,0,20.4,22.2,21.5,26.6,24.4,22.7,21.7,21.7,21.7,22.6,21.7,21.6,21.5,20.9,20.3,20.9,20.9,22.5,21.9,21.5,21.9,21.4,20.5,20.5,20.5,20.4,20,19.7,20.1,20,26,23.6,23,22.3,21.6,21.2,21,21.1,21.3,21.2,21.1,24.2,24.2,23.3,22,22,23.9,22.8,22.8,23.3,21.7,20.6,20.8,21,21.3,21.2,20.6,18.1,18,18.9,19.8,22.9,32.1,23.8,22.6,21.6,21.5,21.9,25,22.8,22.3,22,21.8,21.7,21.6,21.4,21.2,24.4,23.3,22.5,22,21.8,22,33.1,24.3,23.4,22.8,22.5,22.8,23.8,23.2,22.7,22.4,25,23.6,23.2,22.6,22.4,22.2,22.3,22,21.7,21.5,22.8,22,23.7,22.8,22.3,32.9,25.7,23.7,22.9,22.1,23.2,23.7,23.2,22.7,24.7,23.7,23.7,24.1,23.2,25.7,24.4,23.5,23.1,28.5,25,24.1,23.4,22.9,22.6,22.4,22.3,25,23.1,22.8,22.8,22.4,22,25.8,26.6,24.1,23.2,22.9,22,21.6,21,20,20.3,19,18.4,17.5,16.5,16.2,15.8,14.4,13.5,12.9,12.5,12.2,11.3,10.9,10.1,9.7,9.3,9.1,8.8,9.1,8.9,8.5,8.4,8.4,8.4,8.3,8.3,8,7.9,7.4,7.2,7.2,7.2,6.9,7.1,7.2,7.3,7.5,7.3,7.8,7.7,8.3,7.8,7.6,7.1,7.3,8.6,7.8,12.2,12.4,9.5,8.1,7.8,7.3,7.3,7.1,7.2,6.8,6.9,7.1,6.6,6.9,6.9,7.2,6.8,6.9,6.7,6.4,6.4,6.1,6.3,6.3,6.5,10.9,10.1,8.6,9,8.1,7.6,7,8,9.1,7.6,6.9,6.8,6.5,7.2,8.7,6.9,6.7,6.9,6.6,6.1,6.7,7.3,6.6,11.3,11.5,15.5,13.1,11.5,10.5,20.1,15.4,11.9,10.5,9.9,9.9,9.9,9.9,9.9,9.9,9.9,9.9,9.9,9.9,9.9,9.9,9.9,9.9,9.9,9.9,9.9,9.9,9.9,9.9,9.9,9.9,9.9,9.9,9.9,9.9,9.9,9.9,9.9,9.9,9.9,9.9,9.9,9.9,9.9,9.9,9.9,9.9,9.9,9.9,9.9,9.9,9.9,9.9,9.9,9.9,9.9,9.9,9.9,9.9,9.9,9.9,9.9,9.9,9.9,9.9,9.9,9.9,9.9,9.9,9.9,9.9,9.9,9.9,0,0,0,0,0,0,0,0,0,0,0,0,0,0,0,0,0,0,0,0,0,0,0,0,0,0,0,0,0,0,0,0,0,0,0,0,0,0,0,0,0,0,0,0,9.9,9.9,9.9,9.9,9.9,9.9,9.9,9.9,9.9,9.9,9.9,9.9,9.9,9.9,9.9,9.9,9.9,9.9,9.9,9.9,9.9,9.9,9.9,9.9,9.9,9.9,9.9,9.9,9.9,9.9,9.9,9.9,9.9,9.9,9.9,9.9,9.9,9.9,9.9,9.9,9.9,9.9,9.9,9.9,9.9,9.9,9.9,9.9,9.9,9.9,9.9,9.9,9.9,9.9,9.9,9.9,9.9,9.9,9.9,9.9,9.9,9.9,9.9,9.9,9.9,9.9,9.9,9.9,9.9,9.9,9.9,9.9,9.9,9.9,9.9,9.9,9.9,9.9,9.9,9.9,9.9,9.9,9.9,9.9,9.9,9.9,9.9,9.9,9.9,9.9,9.9,9.9,9.9,9.9,9.9,9.9,9.9,9.9,9.9,9.9,9.9,9.9,9.9,9.9,9.9,9.9,9.9,9.9,9.9,9.9,9.9,9.9
524,-73.73219,41.73453,0,0,0,0,0,0,0,0,0,0,0,0,38.5,36.7,35.4,38.5,38.2,38.7,39.1,38.5,36.9,35,35.4,32.7,33.5,31.8,28.5,26,25.6,24.4,23,20.9,19.1,28.1,33.1,32.3,29.5,26.5,31.4,27.5,24.6,25.2,23.7,21.8,19.2,16.9,25.1,24.6,21.2,29.1,26.9,24.5,29.4,33.3,33.8,32.1,31.1,31.6,28.9,26,23.5,31.8,31.2,28.1,24.9,23.2,24.1,21.8,20,17.9,15.2,13.6,16.7,14.4,12.8,11.2,10.2,10,9.2,9,8.5,7.8,7.5,7.7,8.9,9.6,9.1,8.1,31.3,28.8,25.3,21.8,18.7,16.5,14.4,16.1,13.8,13.2,12.2,11.4,22.2,18.8,15.9,15.2,14.8,13.6,12.4,11.5,10.5,10.3,10.2,10.3,9.8,11.4,21.2,27.2,25.8,24.2,30.3,28.9,27.8,26.1,24.8,23,22.1,30.4,28.3,26.3,24.2,22.7,29,26.8,25.5,23.5,31,29.3,27.4,25.4,24.7,25.1,26.2,24.2,29.5,27.5,25.8,23.5,21.9,20.1,18.5,16.9,15.6,14.1,13.7,12.8,15.2,15.4,14.8,13.8,13.4,13,12.5,17.5,18.7,18,18.1,31,29.7,29.7,28.4,27,26.1,24.9,23.6,22.6,32.6,30.9,30.1,29.6,30.7,30.2,32.8,31.4,30.7,30.1,29.8,32.4,31.6,31.2,33.8,34,32.4,31.8,31.3,30.9,30.5,30.3,33.8,32.1,32.2,31.7,31.2,31.7,30.5,31.1,31.2,30.1,30.7,35.2,34,33.3,32.7,33,35.7,33.9,33,32.6,32.4,32,31.4,30.8,31.5,32.1,32.5,32.7,32.9,32.9,32.5,32.1,34.7,34.7,33.7,0,0,0,0,0,0,0,0,0,0,0,0,0,0,0,0,0,0,0,0,0,0,0,0,0,0,0,0,0,0,0,0,0,0,0,0,0,0,0,0,0,0,0,0,0,0,0,0,0,0,0,0,0,0,0,0,0,0,0,0,0,0,0,0,0,0,0,0,0,0,0,0,0,0,0,0,0,0,0,0,0,0,0,0,0,0,0,0,0,0,0,0,0,0,0,0,0,0,0,0,0,0,0,0,0,0,0,0,0,0,0,0,0,0,0,0,0,0,0,0,0,0,0,0,0,0,0,0,0,35.5,34.3,37.4,36,36.4,37.4,35.8,39,37.9,36.2,35.3,39.2,38.5,36.4,33.8,32.3,29.4,28.1,25.1,37,35.7,33.4,34,31.2,27.9,34.4,37.2,34.7,31.8,30.1,25.8,22.6,19.6,22.7,23.6,20.1,18.6,16.1,14.5,14.3,20.7,17.3,14.8,13.5,13.3,20.2,16.4,14.8,12.6,11.5,10.6,10,9.9,12.3,10.2,9.5,8.9,8.8,8.4,8.4,8.1,7.7,7.3,7.2,7.1,6.4,6.5,6.4,6.6,20.7,17,13.4,18.9,16.6,13.6,19.5,14,10.5,9,8.4,17.8,12.3,27.4,23.9,18.9,15.1,16.5,14.3,12.3,11.3,9.5,12.6,9.7,8.3,7.9,22.2,18.6,15.9,13.5,11.8,10.9,9.9,9.7,8.7,8.6,11.8,23.6,26.5,22.6,20.2,18.8,17,15.2,26.9,30,26.9,24.4,21.6,19.3,19.6,20.3,19.5,17.6,15.6,14.3,13.2,11.9,11,11.1,10.6,27.7,23.8,25.5,22.9,20.6,19,31.6,29.3,26.5,23.7,21.3,19.2,17.4,16.3,15.7,14.7,13.9,13,12.1,11.8,11.4,11.2,10.6,10,9.7,9.7,9.4,9.2,9.3,8.9,8.6,8.8,8.8,33,29.8,27.7,28.9,27.3,25.8,24.4,23.1,22.5,21.4,20.2,19.2,18.4,27.9,31.9,30.4,29.2,33.5,31.9,30.8,30.2,29.6,29.2,28.3,27.7,26.9,26.8,27.4,27.4,31.4,35.6,33.7,33.3,34.3,32.9,32,0,0,0,0,0,0,0,0,0,0,0,0,0,0,0,0,0,0,0,0,0,0,0,0,0,0,0,0,0,0,0,0,0,0,32,32.7,32.3,32.2,32.1,32,32.8,32.3,32.1,32.3,32.3,32.4,32.7,33.5,33.6,33.6,37.7,36,33.3,32.7,33.5,32,36.5,34.1,36.3,34.5,34.3,34.3,34.4,34.1,33.4,31.8,30.8,28.6,26.9,27.6,28.6,30.6,34.8,35.1,34.2,33.3,32.9,30.8,30.8,31,28.3,26,25.5,26.7,27.8,26.9,22.7,15.8,14.8,16.4,18.8,22.8,26.9,28.3,28.8,29.3,29.5,29.7,29.9,30.4,30.2,30.4,30.6,31.1,33.8,33.6,33.2,33.2,33.2,33,32.8,33,33.6,34,34,35.4,37.5,36.7,35.6,36.7,36,35.4,34.6,35.6,36.5,37.1,37.2,36.2,35.4,34.4,32.9,31.8,32.7,32.9,37.2,35.5,34.9,34.1,33.2,32.3,36.2,35.7,34.8,34,37.1,0,0,0,0,0,0,0,0,0,0,0,0,0,0,0,0